company,ticker,isin,announcement_url,source,t0_announcement,t0_effective
Alior Bank SA,KRC,,https://www.gpw.pl/program-wspierania-plynnosci-notowania,GPW,,
Alior Bank SA,KRC,,https://www.gpw.pl/program-wspierania-plynnosci2,GPW,,
Allegro.eu S.A.,KRC,,https://www.gpw.pl/program-wspierania-plynnosci-notowania,GPW,,
Allegro.eu S.A.,KRC,,https://www.gpw.pl/program-wspierania-plynnosci2,GPW,,
Bank Pekao SA,PRT,,https://www.gpw.pl/program-wspierania-plynnosci-notowania,GPW,,
Bank Pekao SA,PRT,,https://www.gpw.pl/program-wspierania-plynnosci2,GPW,,
Budimex SA,PRT,,https://www.gpw.pl/program-wspierania-plynnosci-notowania,GPW,,
Budimex SA,PRT,,https://www.gpw.pl/program-wspierania-plynnosci2,GPW,,
CCC SA,,,https://www.gpw.pl/program-wspierania-plynnosci-notowania,GPW,,
CCC SA,,,https://www.gpw.pl/program-wspierania-plynnosci2,GPW,,
CD Projekt SA,,,https://www.gpw.pl/program-wspierania-plynnosci-notowania,GPW,,
CD Projekt SA,,,https://www.gpw.pl/program-wspierania-plynnosci2,GPW,,
Dino Polska SA,,,https://www.gpw.pl/program-wspierania-plynnosci-notowania,GPW,,
Dino Polska SA,,,https://www.gpw.pl/program-wspierania-plynnosci2,GPW,,
Grupa Kęty SA,,,https://www.gpw.pl/program-wspierania-plynnosci-notowania,GPW,,
Grupa Kęty SA,,,https://www.gpw.pl/program-wspierania-plynnosci2,GPW,,
KGHM Polska Miedź SA,,,https://www.gpw.pl/program-wspierania-plynnosci-notowania,GPW,,
KGHM Polska Miedź SA,,,https://www.gpw.pl/program-wspierania-plynnosci2,GPW,,
Kruk SA,,,https://www.gpw.pl/program-wspierania-plynnosci-notowania,GPW,,
Kruk SA,,,https://www.gpw.pl/program-wspierania-plynnosci2,GPW,,
LPP SA,,,https://www.gpw.pl/program-wspierania-plynnosci-notowania,GPW,,
LPP SA,,,https://www.gpw.pl/program-wspierania-plynnosci2,GPW,,
Orange Polska SA,,,https://www.gpw.pl/program-wspierania-plynnosci-notowania,GPW,,
Orange Polska SA,,,https://www.gpw.pl/program-wspierania-plynnosci2,GPW,,
Orlen SA,,,https://www.gpw.pl/program-wspierania-plynnosci-notowania,GPW,,
Orlen SA,,,https://www.gpw.pl/program-wspierania-plynnosci2,GPW,,
PGE SA,,,https://www.gpw.pl/program-wspierania-plynnosci-notowania,GPW,,
PGE SA,,,https://www.gpw.pl/program-wspierania-plynnosci2,GPW,,
PKO BP SA,,,https://www.gpw.pl/program-wspierania-plynnosci-notowania,GPW,,
PKO BP SA,,,https://www.gpw.pl/program-wspierania-plynnosci2,GPW,,
PZU SA,,,https://www.gpw.pl/program-wspierania-plynnosci-notowania,GPW,,
PZU SA,,,https://www.gpw.pl/program-wspierania-plynnosci2,GPW,,
Pepco Group NV,,,https://www.gpw.pl/program-wspierania-plynnosci-notowania,GPW,,
Pepco Group NV,,,https://www.gpw.pl/program-wspierania-plynnosci2,GPW,,
Santander Bank Polska SA,,,https://www.gpw.pl/program-wspierania-plynnosci-notowania,GPW,,
Santander Bank Polska SA,,,https://www.gpw.pl/program-wspierania-plynnosci2,GPW,,
Zabka Group SA (Żabka),,,https://www.gpw.pl/program-wspierania-plynnosci-notowania,GPW,,
Zabka Group SA (Żabka),,,https://www.gpw.pl/program-wspierania-plynnosci2,GPW,,
mBank SA,,,https://www.gpw.pl/program-wspierania-plynnosci-notowania,GPW,,
mBank SA,,,https://www.gpw.pl/program-wspierania-plynnosci2,GPW,,
11 bit studios SA,,,https://www.gpw.pl/program-wspierania-plynnosci-notowania,GPW,,
11 bit studios SA,,,https://www.gpw.pl/program-wspierania-plynnosci2,GPW,,
AB SA,,,https://www.gpw.pl/program-wspierania-plynnosci-notowania,GPW,,
AB SA,,,https://www.gpw.pl/program-wspierania-plynnosci2,GPW,,
ASBISc Enterprises plc,,,https://www.gpw.pl/program-wspierania-plynnosci-notowania,GPW,,
ASBISc Enterprises plc,,,https://www.gpw.pl/program-wspierania-plynnosci2,GPW,,
AmRest Holdings SE,,,https://www.gpw.pl/program-wspierania-plynnosci-notowania,GPW,,
AmRest Holdings SE,,,https://www.gpw.pl/program-wspierania-plynnosci2,GPW,,
Asseco Poland SA,,,https://www.gpw.pl/program-wspierania-plynnosci-notowania,GPW,,
Asseco Poland SA,,,https://www.gpw.pl/program-wspierania-plynnosci2,GPW,,
Asseco SEE SA,,,https://www.gpw.pl/program-wspierania-plynnosci-notowania,GPW,,
Asseco SEE SA,,,https://www.gpw.pl/program-wspierania-plynnosci2,GPW,,
Auto Partner SA,,,https://www.gpw.pl/program-wspierania-plynnosci-notowania,GPW,,
Auto Partner SA,,,https://www.gpw.pl/program-wspierania-plynnosci2,GPW,,
BNP Paribas Bank Polska SA,,,https://www.gpw.pl/program-wspierania-plynnosci-notowania,GPW,,
BNP Paribas Bank Polska SA,,,https://www.gpw.pl/program-wspierania-plynnosci2,GPW,,
Bank Handlowy w Warszawie SA,,,https://www.gpw.pl/program-wspierania-plynnosci-notowania,GPW,,
Bank Handlowy w Warszawie SA,,,https://www.gpw.pl/program-wspierania-plynnosci2,GPW,,
Bank Millennium SA,,,https://www.gpw.pl/program-wspierania-plynnosci-notowania,GPW,,
Bank Millennium SA,,,https://www.gpw.pl/program-wspierania-plynnosci2,GPW,,
Benefit Systems SA,,,https://www.gpw.pl/program-wspierania-plynnosci-notowania,GPW,,
Benefit Systems SA,,,https://www.gpw.pl/program-wspierania-plynnosci2,GPW,,
Cyber_Folks SA,,,https://www.gpw.pl/program-wspierania-plynnosci-notowania,GPW,,
Cyber_Folks SA,,,https://www.gpw.pl/program-wspierania-plynnosci2,GPW,,
Cyfrowy Polsat SA,,,https://www.gpw.pl/program-wspierania-plynnosci-notowania,GPW,,
Cyfrowy Polsat SA,,,https://www.gpw.pl/program-wspierania-plynnosci2,GPW,,
Develia SA,,,https://www.gpw.pl/program-wspierania-plynnosci-notowania,GPW,,
Develia SA,,,https://www.gpw.pl/program-wspierania-plynnosci2,GPW,,
Diagnostyka SA,,,https://www.gpw.pl/program-wspierania-plynnosci-notowania,GPW,,
Diagnostyka SA,,,https://www.gpw.pl/program-wspierania-plynnosci2,GPW,,
Dom Development SA,,,https://www.gpw.pl/program-wspierania-plynnosci-notowania,GPW,,
Dom Development SA,,,https://www.gpw.pl/program-wspierania-plynnosci2,GPW,,
Enea SA,,,https://www.gpw.pl/program-wspierania-plynnosci-notowania,GPW,,
Enea SA,,,https://www.gpw.pl/program-wspierania-plynnosci2,GPW,,
Eurocash SA,,,https://www.gpw.pl/program-wspierania-plynnosci-notowania,GPW,,
Eurocash SA,,,https://www.gpw.pl/program-wspierania-plynnosci2,GPW,,
GPW SA,,,https://www.gpw.pl/program-wspierania-plynnosci-notowania,GPW,,
GPW SA,,,https://www.gpw.pl/program-wspierania-plynnosci2,GPW,,
Grupa Azoty SA,,,https://www.gpw.pl/program-wspierania-plynnosci-notowania,GPW,,
Grupa Azoty SA,,,https://www.gpw.pl/program-wspierania-plynnosci2,GPW,,
Grupa Pracuj SA,,,https://www.gpw.pl/program-wspierania-plynnosci-notowania,GPW,,
Grupa Pracuj SA,,,https://www.gpw.pl/program-wspierania-plynnosci2,GPW,,
"Huuuge, Inc.",,,https://www.gpw.pl/program-wspierania-plynnosci-notowania,GPW,,
"Huuuge, Inc.",,,https://www.gpw.pl/program-wspierania-plynnosci2,GPW,,
ING Bank Śląski SA,,,https://www.gpw.pl/program-wspierania-plynnosci-notowania,GPW,,
ING Bank Śląski SA,,,https://www.gpw.pl/program-wspierania-plynnosci2,GPW,,
Inter Cars SA,,,https://www.gpw.pl/program-wspierania-plynnosci-notowania,GPW,,
Inter Cars SA,,,https://www.gpw.pl/program-wspierania-plynnosci2,GPW,,
JSW  SA,,,https://www.gpw.pl/program-wspierania-plynnosci-notowania,GPW,,
JSW  SA,,,https://www.gpw.pl/program-wspierania-plynnosci2,GPW,,
Lubawa SA,,,https://www.gpw.pl/program-wspierania-plynnosci-notowania,GPW,,
Lubawa SA,,,https://www.gpw.pl/program-wspierania-plynnosci2,GPW,,
Mirbud SA,,,https://www.gpw.pl/program-wspierania-plynnosci-notowania,GPW,,
Mirbud SA,,,https://www.gpw.pl/program-wspierania-plynnosci2,GPW,,
Mo-Bruk SA,,,https://www.gpw.pl/program-wspierania-plynnosci-notowania,GPW,,
Mo-Bruk SA,,,https://www.gpw.pl/program-wspierania-plynnosci2,GPW,,
Neuca SA,,,https://www.gpw.pl/program-wspierania-plynnosci-notowania,GPW,,
Neuca SA,,,https://www.gpw.pl/program-wspierania-plynnosci2,GPW,,
Newag SA,,,https://www.gpw.pl/program-wspierania-plynnosci-notowania,GPW,,
Newag SA,,,https://www.gpw.pl/program-wspierania-plynnosci2,GPW,,
Polenergia SA,,,https://www.gpw.pl/program-wspierania-plynnosci-notowania,GPW,,
Polenergia SA,,,https://www.gpw.pl/program-wspierania-plynnosci2,GPW,,
Rainbow Tours SA,,,https://www.gpw.pl/program-wspierania-plynnosci-notowania,GPW,,
Rainbow Tours SA,,,https://www.gpw.pl/program-wspierania-plynnosci2,GPW,,
Synektik SA,,,https://www.gpw.pl/program-wspierania-plynnosci-notowania,GPW,,
Synektik SA,,,https://www.gpw.pl/program-wspierania-plynnosci2,GPW,,
Tauron PE SA,,,https://www.gpw.pl/program-wspierania-plynnosci-notowania,GPW,,
Tauron PE SA,,,https://www.gpw.pl/program-wspierania-plynnosci2,GPW,,
Ten Square Games SA,,,https://www.gpw.pl/program-wspierania-plynnosci-notowania,GPW,,
Ten Square Games SA,,,https://www.gpw.pl/program-wspierania-plynnosci2,GPW,,
Text SA,,,https://www.gpw.pl/program-wspierania-plynnosci-notowania,GPW,,
Text SA,,,https://www.gpw.pl/program-wspierania-plynnosci2,GPW,,
Vercom SA,,,https://www.gpw.pl/program-wspierania-plynnosci-notowania,GPW,,
Vercom SA,,,https://www.gpw.pl/program-wspierania-plynnosci2,GPW,,
Voxel SA,,,https://www.gpw.pl/program-wspierania-plynnosci-notowania,GPW,,
Voxel SA,,,https://www.gpw.pl/program-wspierania-plynnosci2,GPW,,
WP Holding SA,,,https://www.gpw.pl/program-wspierania-plynnosci-notowania,GPW,,
WP Holding SA,,,https://www.gpw.pl/program-wspierania-plynnosci2,GPW,,
XTB SA,,,https://www.gpw.pl/program-wspierania-plynnosci-notowania,GPW,,
XTB SA,,,https://www.gpw.pl/program-wspierania-plynnosci2,GPW,,
AC SA,,,https://www.gpw.pl/program-wspierania-plynnosci-notowania,GPW,,
AC SA,,,https://www.gpw.pl/program-wspierania-plynnosci2,GPW,,
Agora SA,,,https://www.gpw.pl/program-wspierania-plynnosci-notowania,GPW,,
Agora SA,,,https://www.gpw.pl/program-wspierania-plynnosci2,GPW,,
Ailleron SA,,,https://www.gpw.pl/program-wspierania-plynnosci-notowania,GPW,,
Ailleron SA,,,https://www.gpw.pl/program-wspierania-plynnosci2,GPW,,
Ambra SA,,,https://www.gpw.pl/program-wspierania-plynnosci-notowania,GPW,,
Ambra SA,,,https://www.gpw.pl/program-wspierania-plynnosci2,GPW,,
Amica SA,,,https://www.gpw.pl/program-wspierania-plynnosci-notowania,GPW,,
Amica SA,,,https://www.gpw.pl/program-wspierania-plynnosci2,GPW,,
Apator SA,,,https://www.gpw.pl/program-wspierania-plynnosci-notowania,GPW,,
Apator SA,,,https://www.gpw.pl/program-wspierania-plynnosci2,GPW,,
Archicom SA,,,https://www.gpw.pl/program-wspierania-plynnosci-notowania,GPW,,
Archicom SA,,,https://www.gpw.pl/program-wspierania-plynnosci2,GPW,,
Arctic Paper SA,,,https://www.gpw.pl/program-wspierania-plynnosci-notowania,GPW,,
Arctic Paper SA,,,https://www.gpw.pl/program-wspierania-plynnosci2,GPW,,
Asseco BS SA,,,https://www.gpw.pl/program-wspierania-plynnosci-notowania,GPW,,
Asseco BS SA,,,https://www.gpw.pl/program-wspierania-plynnosci2,GPW,,
Astarta Holding PLC,,,https://www.gpw.pl/program-wspierania-plynnosci-notowania,GPW,,
Astarta Holding PLC,,,https://www.gpw.pl/program-wspierania-plynnosci2,GPW,,
Atal SA,,,https://www.gpw.pl/program-wspierania-plynnosci-notowania,GPW,,
Atal SA,,,https://www.gpw.pl/program-wspierania-plynnosci2,GPW,,
BOŚ SA,,,https://www.gpw.pl/program-wspierania-plynnosci-notowania,GPW,,
BOŚ SA,,,https://www.gpw.pl/program-wspierania-plynnosci2,GPW,,
Bioceltix SA,,,https://www.gpw.pl/program-wspierania-plynnosci-notowania,GPW,,
Bioceltix SA,,,https://www.gpw.pl/program-wspierania-plynnosci2,GPW,,
Bioton SA,,,https://www.gpw.pl/program-wspierania-plynnosci-notowania,GPW,,
Bioton SA,,,https://www.gpw.pl/program-wspierania-plynnosci2,GPW,,
Bloober Team SA,,,https://www.gpw.pl/program-wspierania-plynnosci-notowania,GPW,,
Bloober Team SA,,,https://www.gpw.pl/program-wspierania-plynnosci2,GPW,,
Boryszew SA,,,https://www.gpw.pl/program-wspierania-plynnosci-notowania,GPW,,
Boryszew SA,,,https://www.gpw.pl/program-wspierania-plynnosci2,GPW,,
Bumech SA,,,https://www.gpw.pl/program-wspierania-plynnosci-notowania,GPW,,
Bumech SA,,,https://www.gpw.pl/program-wspierania-plynnosci2,GPW,,
CI Games SE,,,https://www.gpw.pl/program-wspierania-plynnosci-notowania,GPW,,
CI Games SE,,,https://www.gpw.pl/program-wspierania-plynnosci2,GPW,,
Captor Therapeutics SA,,,https://www.gpw.pl/program-wspierania-plynnosci-notowania,GPW,,
Captor Therapeutics SA,,,https://www.gpw.pl/program-wspierania-plynnosci2,GPW,,
Celon Pharma SA,,,https://www.gpw.pl/program-wspierania-plynnosci-notowania,GPW,,
Celon Pharma SA,,,https://www.gpw.pl/program-wspierania-plynnosci2,GPW,,
Cognor Holding SA,,,https://www.gpw.pl/program-wspierania-plynnosci-notowania,GPW,,
Cognor Holding SA,,,https://www.gpw.pl/program-wspierania-plynnosci2,GPW,,
Columbus Energy SA,,,https://www.gpw.pl/program-wspierania-plynnosci-notowania,GPW,,
Columbus Energy SA,,,https://www.gpw.pl/program-wspierania-plynnosci2,GPW,,
Comp SA,,,https://www.gpw.pl/program-wspierania-plynnosci-notowania,GPW,,
Comp SA,,,https://www.gpw.pl/program-wspierania-plynnosci2,GPW,,
Creepy Jar SA,,,https://www.gpw.pl/program-wspierania-plynnosci-notowania,GPW,,
Creepy Jar SA,,,https://www.gpw.pl/program-wspierania-plynnosci2,GPW,,
Creotech Instruments SA,,,https://www.gpw.pl/program-wspierania-plynnosci-notowania,GPW,,
Creotech Instruments SA,,,https://www.gpw.pl/program-wspierania-plynnosci2,GPW,,
Dadelo SA,,,https://www.gpw.pl/program-wspierania-plynnosci-notowania,GPW,,
Dadelo SA,,,https://www.gpw.pl/program-wspierania-plynnosci2,GPW,,
DataWalk SA,,,https://www.gpw.pl/program-wspierania-plynnosci-notowania,GPW,,
DataWalk SA,,,https://www.gpw.pl/program-wspierania-plynnosci2,GPW,,
Decora SA,,,https://www.gpw.pl/program-wspierania-plynnosci-notowania,GPW,,
Decora SA,,,https://www.gpw.pl/program-wspierania-plynnosci2,GPW,,
Echo Investment SA,,,https://www.gpw.pl/program-wspierania-plynnosci-notowania,GPW,,
Echo Investment SA,,,https://www.gpw.pl/program-wspierania-plynnosci2,GPW,,
Elektrotim SA,,,https://www.gpw.pl/program-wspierania-plynnosci-notowania,GPW,,
Elektrotim SA,,,https://www.gpw.pl/program-wspierania-plynnosci2,GPW,,
Enter Air SA,,,https://www.gpw.pl/program-wspierania-plynnosci-notowania,GPW,,
Enter Air SA,,,https://www.gpw.pl/program-wspierania-plynnosci2,GPW,,
Erbud SA,,,https://www.gpw.pl/program-wspierania-plynnosci-notowania,GPW,,
Erbud SA,,,https://www.gpw.pl/program-wspierania-plynnosci2,GPW,,
Fabryki Mebli Forte SA,,,https://www.gpw.pl/program-wspierania-plynnosci-notowania,GPW,,
Fabryki Mebli Forte SA,,,https://www.gpw.pl/program-wspierania-plynnosci2,GPW,,
Ferro SA,,,https://www.gpw.pl/program-wspierania-plynnosci-notowania,GPW,,
Ferro SA,,,https://www.gpw.pl/program-wspierania-plynnosci2,GPW,,
GreenX Metals Ltd.,,,https://www.gpw.pl/program-wspierania-plynnosci-notowania,GPW,,
GreenX Metals Ltd.,,,https://www.gpw.pl/program-wspierania-plynnosci2,GPW,,
Grenevia SA,,,https://www.gpw.pl/program-wspierania-plynnosci-notowania,GPW,,
Grenevia SA,,,https://www.gpw.pl/program-wspierania-plynnosci2,GPW,,
Kogeneracja SA,,,https://www.gpw.pl/program-wspierania-plynnosci-notowania,GPW,,
Kogeneracja SA,,,https://www.gpw.pl/program-wspierania-plynnosci2,GPW,,
LW Bogdanka SA,,,https://www.gpw.pl/program-wspierania-plynnosci-notowania,GPW,,
LW Bogdanka SA,,,https://www.gpw.pl/program-wspierania-plynnosci2,GPW,,
MCI Capital ASI SA,,,https://www.gpw.pl/program-wspierania-plynnosci-notowania,GPW,,
MCI Capital ASI SA,,,https://www.gpw.pl/program-wspierania-plynnosci2,GPW,,
ML System SA,,,https://www.gpw.pl/program-wspierania-plynnosci-notowania,GPW,,
ML System SA,,,https://www.gpw.pl/program-wspierania-plynnosci2,GPW,,
Mabion SA,,,https://www.gpw.pl/program-wspierania-plynnosci-notowania,GPW,,
Mabion SA,,,https://www.gpw.pl/program-wspierania-plynnosci2,GPW,,
Medicalgorithmics SA,,,https://www.gpw.pl/program-wspierania-plynnosci-notowania,GPW,,
Medicalgorithmics SA,,,https://www.gpw.pl/program-wspierania-plynnosci2,GPW,,
Mennica Polska SA,,,https://www.gpw.pl/program-wspierania-plynnosci-notowania,GPW,,
Mennica Polska SA,,,https://www.gpw.pl/program-wspierania-plynnosci2,GPW,,
Mercator Medical SA,,,https://www.gpw.pl/program-wspierania-plynnosci-notowania,GPW,,
Mercator Medical SA,,,https://www.gpw.pl/program-wspierania-plynnosci2,GPW,,
Mercor SA,,,https://www.gpw.pl/program-wspierania-plynnosci-notowania,GPW,,
Mercor SA,,,https://www.gpw.pl/program-wspierania-plynnosci2,GPW,,
Molecure SA,,,https://www.gpw.pl/program-wspierania-plynnosci-notowania,GPW,,
Molecure SA,,,https://www.gpw.pl/program-wspierania-plynnosci2,GPW,,
Mostostal Zabrze SA,,,https://www.gpw.pl/program-wspierania-plynnosci-notowania,GPW,,
Mostostal Zabrze SA,,,https://www.gpw.pl/program-wspierania-plynnosci2,GPW,,
Murapol SA,,,https://www.gpw.pl/program-wspierania-plynnosci-notowania,GPW,,
Murapol SA,,,https://www.gpw.pl/program-wspierania-plynnosci2,GPW,,
Onde SA,,,https://www.gpw.pl/program-wspierania-plynnosci-notowania,GPW,,
Onde SA,,,https://www.gpw.pl/program-wspierania-plynnosci2,GPW,,
Oponeo.pl SA,,,https://www.gpw.pl/program-wspierania-plynnosci-notowania,GPW,,
Oponeo.pl SA,,,https://www.gpw.pl/program-wspierania-plynnosci2,GPW,,
PCC Rokita SA,,,https://www.gpw.pl/program-wspierania-plynnosci-notowania,GPW,,
PCC Rokita SA,,,https://www.gpw.pl/program-wspierania-plynnosci2,GPW,,
Pekabex SA,,,https://www.gpw.pl/program-wspierania-plynnosci-notowania,GPW,,
Pekabex SA,,,https://www.gpw.pl/program-wspierania-plynnosci2,GPW,,
PlayWay SA,,,https://www.gpw.pl/program-wspierania-plynnosci-notowania,GPW,,
PlayWay SA,,,https://www.gpw.pl/program-wspierania-plynnosci2,GPW,,
Polimex Mostostal SA,,,https://www.gpw.pl/program-wspierania-plynnosci-notowania,GPW,,
Polimex Mostostal SA,,,https://www.gpw.pl/program-wspierania-plynnosci2,GPW,,
Quercus TFI SA,,,https://www.gpw.pl/program-wspierania-plynnosci-notowania,GPW,,
Quercus TFI SA,,,https://www.gpw.pl/program-wspierania-plynnosci2,GPW,,
Rank Progress SA,,,https://www.gpw.pl/program-wspierania-plynnosci-notowania,GPW,,
Rank Progress SA,,,https://www.gpw.pl/program-wspierania-plynnosci2,GPW,,
Ryvu Therapeutics SA,,,https://www.gpw.pl/program-wspierania-plynnosci-notowania,GPW,,
Ryvu Therapeutics SA,,,https://www.gpw.pl/program-wspierania-plynnosci2,GPW,,
Sanok Rubber Company SA,,,https://www.gpw.pl/program-wspierania-plynnosci-notowania,GPW,,
Sanok Rubber Company SA,,,https://www.gpw.pl/program-wspierania-plynnosci2,GPW,,
Scope Fluidics SA,,,https://www.gpw.pl/program-wspierania-plynnosci-notowania,GPW,,
Scope Fluidics SA,,,https://www.gpw.pl/program-wspierania-plynnosci2,GPW,,
Selena FM SA,,,https://www.gpw.pl/program-wspierania-plynnosci-notowania,GPW,,
Selena FM SA,,,https://www.gpw.pl/program-wspierania-plynnosci2,GPW,,
Selvita SA,,,https://www.gpw.pl/program-wspierania-plynnosci-notowania,GPW,,
Selvita SA,,,https://www.gpw.pl/program-wspierania-plynnosci2,GPW,,
Shoper SA,,,https://www.gpw.pl/program-wspierania-plynnosci-notowania,GPW,,
Shoper SA,,,https://www.gpw.pl/program-wspierania-plynnosci2,GPW,,
Stalexport Autostrady SA,,,https://www.gpw.pl/program-wspierania-plynnosci-notowania,GPW,,
Stalexport Autostrady SA,,,https://www.gpw.pl/program-wspierania-plynnosci2,GPW,,
Stalprodukt SA,,,https://www.gpw.pl/program-wspierania-plynnosci-notowania,GPW,,
Stalprodukt SA,,,https://www.gpw.pl/program-wspierania-plynnosci2,GPW,,
Sygnity SA,,,https://www.gpw.pl/program-wspierania-plynnosci-notowania,GPW,,
Sygnity SA,,,https://www.gpw.pl/program-wspierania-plynnosci2,GPW,,
Synthaverse SA,,,https://www.gpw.pl/program-wspierania-plynnosci-notowania,GPW,,
Synthaverse SA,,,https://www.gpw.pl/program-wspierania-plynnosci2,GPW,,
Tarczyński SA,,,https://www.gpw.pl/program-wspierania-plynnosci-notowania,GPW,,
Tarczyński SA,,,https://www.gpw.pl/program-wspierania-plynnosci2,GPW,,
Torpol SA,,,https://www.gpw.pl/program-wspierania-plynnosci-notowania,GPW,,
Torpol SA,,,https://www.gpw.pl/program-wspierania-plynnosci2,GPW,,
Toya SA,,,https://www.gpw.pl/program-wspierania-plynnosci-notowania,GPW,,
Toya SA,,,https://www.gpw.pl/program-wspierania-plynnosci2,GPW,,
Unibep SA,,,https://www.gpw.pl/program-wspierania-plynnosci-notowania,GPW,,
Unibep SA,,,https://www.gpw.pl/program-wspierania-plynnosci2,GPW,,
Unimot SA,,,https://www.gpw.pl/program-wspierania-plynnosci-notowania,GPW,,
Unimot SA,,,https://www.gpw.pl/program-wspierania-plynnosci2,GPW,,
VRG SA,,,https://www.gpw.pl/program-wspierania-plynnosci-notowania,GPW,,
VRG SA,,,https://www.gpw.pl/program-wspierania-plynnosci2,GPW,,
Vigo Photonics SA,,,https://www.gpw.pl/program-wspierania-plynnosci-notowania,GPW,,
Vigo Photonics SA,,,https://www.gpw.pl/program-wspierania-plynnosci2,GPW,,
Votum SA,,,https://www.gpw.pl/program-wspierania-plynnosci-notowania,GPW,,
Votum SA,,,https://www.gpw.pl/program-wspierania-plynnosci2,GPW,,
Wawel SA,,,https://www.gpw.pl/program-wspierania-plynnosci-notowania,GPW,,
Wawel SA,,,https://www.gpw.pl/program-wspierania-plynnosci2,GPW,,
Wielton SA,,,https://www.gpw.pl/program-wspierania-plynnosci-notowania,GPW,,
Wielton SA,,,https://www.gpw.pl/program-wspierania-plynnosci2,GPW,,
Wittchen SA,,,https://www.gpw.pl/program-wspierania-plynnosci-notowania,GPW,,
Wittchen SA,,,https://www.gpw.pl/program-wspierania-plynnosci2,GPW,,
XTPL SA,,,https://www.gpw.pl/program-wspierania-plynnosci-notowania,GPW,,
XTPL SA,,,https://www.gpw.pl/program-wspierania-plynnosci2,GPW,,
ZE PAK SA,,,https://www.gpw.pl/program-wspierania-plynnosci-notowania,GPW,,
ZE PAK SA,,,https://www.gpw.pl/program-wspierania-plynnosci2,GPW,,
Śnieżka SA,,,https://www.gpw.pl/program-wspierania-plynnosci-notowania,GPW,,
Śnieżka SA,,,https://www.gpw.pl/program-wspierania-plynnosci2,GPW,,
