company,ticker,isin,announcement_url,announcement_date,join_date,effective_date,snippet,source
Alior Bank SA,KRC,,https://www.gpw.pl/program-wspierania-plynnosci-notowania,,,,Program Wspierania Płynności,GPW
Alior Bank SA,KRC,,https://www.gpw.pl/program-wspierania-plynnosci2,,,,Program wspierania płynności,GPW
Allegro.eu S.A.,KRC,,https://www.gpw.pl/program-wspierania-plynnosci-notowania,,,,Program Wspierania Płynności,GPW
Allegro.eu S.A.,KRC,,https://www.gpw.pl/program-wspierania-plynnosci2,,,,Program wspierania płynności,GPW
Bank Pekao SA,PRT,,https://www.gpw.pl/program-wspierania-plynnosci-notowania,,,,Program Wspierania Płynności,GPW
Bank Pekao SA,PRT,,https://www.gpw.pl/program-wspierania-plynnosci2,,,,Program wspierania płynności,GPW
Budimex SA,PRT,,https://www.gpw.pl/program-wspierania-plynnosci-notowania,,,,Program Wspierania Płynności,GPW
Budimex SA,PRT,,https://www.gpw.pl/program-wspierania-plynnosci2,,,,Program wspierania płynności,GPW
CCC SA,,,https://www.gpw.pl/program-wspierania-plynnosci-notowania,,,,Program Wspierania Płynności,GPW
CCC SA,,,https://www.gpw.pl/program-wspierania-plynnosci2,,,,Program wspierania płynności,GPW
CD Projekt SA,,,https://www.gpw.pl/program-wspierania-plynnosci-notowania,,,,Program Wspierania Płynności,GPW
CD Projekt SA,,,https://www.gpw.pl/program-wspierania-plynnosci2,,,,Program wspierania płynności,GPW
Dino Polska SA,,,https://www.gpw.pl/program-wspierania-plynnosci-notowania,,,,Program Wspierania Płynności,GPW
Dino Polska SA,,,https://www.gpw.pl/program-wspierania-plynnosci2,,,,Program wspierania płynności,GPW
Grupa Kęty SA,,,https://www.gpw.pl/program-wspierania-plynnosci-notowania,,,,Program Wspierania Płynności,GPW
Grupa Kęty SA,,,https://www.gpw.pl/program-wspierania-plynnosci2,,,,Program wspierania płynności,GPW
KGHM Polska Miedź SA,,,https://www.gpw.pl/program-wspierania-plynnosci-notowania,,,,Program Wspierania Płynności,GPW
KGHM Polska Miedź SA,,,https://www.gpw.pl/program-wspierania-plynnosci2,,,,Program wspierania płynności,GPW
Kruk SA,,,https://www.gpw.pl/program-wspierania-plynnosci-notowania,,,,Program Wspierania Płynności,GPW
Kruk SA,,,https://www.gpw.pl/program-wspierania-plynnosci2,,,,Program wspierania płynności,GPW
LPP SA,,,https://www.gpw.pl/program-wspierania-plynnosci-notowania,,,,Program Wspierania Płynności,GPW
LPP SA,,,https://www.gpw.pl/program-wspierania-plynnosci2,,,,Program wspierania płynności,GPW
Orange Polska SA,,,https://www.gpw.pl/program-wspierania-plynnosci-notowania,,,,Program Wspierania Płynności,GPW
Orange Polska SA,,,https://www.gpw.pl/program-wspierania-plynnosci2,,,,Program wspierania płynności,GPW
Orlen SA,,,https://www.gpw.pl/program-wspierania-plynnosci-notowania,,,,Program Wspierania Płynności,GPW
Orlen SA,,,https://www.gpw.pl/program-wspierania-plynnosci2,,,,Program wspierania płynności,GPW
PGE SA,,,https://www.gpw.pl/program-wspierania-plynnosci-notowania,,,,Program Wspierania Płynności,GPW
PGE SA,,,https://www.gpw.pl/program-wspierania-plynnosci2,,,,Program wspierania płynności,GPW
PKO BP SA,,,https://www.gpw.pl/program-wspierania-plynnosci-notowania,,,,Program Wspierania Płynności,GPW
PKO BP SA,,,https://www.gpw.pl/program-wspierania-plynnosci2,,,,Program wspierania płynności,GPW
PZU SA,,,https://www.gpw.pl/program-wspierania-plynnosci-notowania,,,,Program Wspierania Płynności,GPW
PZU SA,,,https://www.gpw.pl/program-wspierania-plynnosci2,,,,Program wspierania płynności,GPW
Pepco Group NV,,,https://www.gpw.pl/program-wspierania-plynnosci-notowania,,,,Program Wspierania Płynności,GPW
Pepco Group NV,,,https://www.gpw.pl/program-wspierania-plynnosci2,,,,Program wspierania płynności,GPW
Santander Bank Polska SA,,,https://www.gpw.pl/program-wspierania-plynnosci-notowania,,,,Program Wspierania Płynności,GPW
Santander Bank Polska SA,,,https://www.gpw.pl/program-wspierania-plynnosci2,,,,Program wspierania płynności,GPW
Zabka Group SA (Żabka),,,https://www.gpw.pl/program-wspierania-plynnosci-notowania,,,,Program Wspierania Płynności,GPW
Zabka Group SA (Żabka),,,https://www.gpw.pl/program-wspierania-plynnosci2,,,,Program wspierania płynności,GPW
mBank SA,,,https://www.gpw.pl/program-wspierania-plynnosci-notowania,,,,Program Wspierania Płynności,GPW
mBank SA,,,https://www.gpw.pl/program-wspierania-plynnosci2,,,,Program wspierania płynności,GPW
11 bit studios SA,,,https://www.gpw.pl/program-wspierania-plynnosci-notowania,,,,Program Wspierania Płynności,GPW
11 bit studios SA,,,https://www.gpw.pl/program-wspierania-plynnosci2,,,,Program wspierania płynności,GPW
AB SA,,,https://www.gpw.pl/program-wspierania-plynnosci-notowania,,,,Program Wspierania Płynności,GPW
AB SA,,,https://www.gpw.pl/program-wspierania-plynnosci2,,,,Program wspierania płynności,GPW
ASBISc Enterprises plc,,,https://www.gpw.pl/program-wspierania-plynnosci-notowania,,,,Program Wspierania Płynności,GPW
ASBISc Enterprises plc,,,https://www.gpw.pl/program-wspierania-plynnosci2,,,,Program wspierania płynności,GPW
AmRest Holdings SE,,,https://www.gpw.pl/program-wspierania-plynnosci-notowania,,,,Program Wspierania Płynności,GPW
AmRest Holdings SE,,,https://www.gpw.pl/program-wspierania-plynnosci2,,,,Program wspierania płynności,GPW
Asseco Poland SA,,,https://www.gpw.pl/program-wspierania-plynnosci-notowania,,,,Program Wspierania Płynności,GPW
Asseco Poland SA,,,https://www.gpw.pl/program-wspierania-plynnosci2,,,,Program wspierania płynności,GPW
Asseco SEE SA,,,https://www.gpw.pl/program-wspierania-plynnosci-notowania,,,,Program Wspierania Płynności,GPW
Asseco SEE SA,,,https://www.gpw.pl/program-wspierania-plynnosci2,,,,Program wspierania płynności,GPW
Auto Partner SA,,,https://www.gpw.pl/program-wspierania-plynnosci-notowania,,,,Program Wspierania Płynności,GPW
Auto Partner SA,,,https://www.gpw.pl/program-wspierania-plynnosci2,,,,Program wspierania płynności,GPW
BNP Paribas Bank Polska SA,,,https://www.gpw.pl/program-wspierania-plynnosci-notowania,,,,Program Wspierania Płynności,GPW
BNP Paribas Bank Polska SA,,,https://www.gpw.pl/program-wspierania-plynnosci2,,,,Program wspierania płynności,GPW
Bank Handlowy w Warszawie SA,,,https://www.gpw.pl/program-wspierania-plynnosci-notowania,,,,Program Wspierania Płynności,GPW
Bank Handlowy w Warszawie SA,,,https://www.gpw.pl/program-wspierania-plynnosci2,,,,Program wspierania płynności,GPW
Bank Millennium SA,,,https://www.gpw.pl/program-wspierania-plynnosci-notowania,,,,Program Wspierania Płynności,GPW
Bank Millennium SA,,,https://www.gpw.pl/program-wspierania-plynnosci2,,,,Program wspierania płynności,GPW
Benefit Systems SA,,,https://www.gpw.pl/program-wspierania-plynnosci-notowania,,,,Program Wspierania Płynności,GPW
Benefit Systems SA,,,https://www.gpw.pl/program-wspierania-plynnosci2,,,,Program wspierania płynności,GPW
Cyber_Folks SA,,,https://www.gpw.pl/program-wspierania-plynnosci-notowania,,,,Program Wspierania Płynności,GPW
Cyber_Folks SA,,,https://www.gpw.pl/program-wspierania-plynnosci2,,,,Program wspierania płynności,GPW
Cyfrowy Polsat SA,,,https://www.gpw.pl/program-wspierania-plynnosci-notowania,,,,Program Wspierania Płynności,GPW
Cyfrowy Polsat SA,,,https://www.gpw.pl/program-wspierania-plynnosci2,,,,Program wspierania płynności,GPW
Develia SA,,,https://www.gpw.pl/program-wspierania-plynnosci-notowania,,,,Program Wspierania Płynności,GPW
Develia SA,,,https://www.gpw.pl/program-wspierania-plynnosci2,,,,Program wspierania płynności,GPW
Diagnostyka SA,,,https://www.gpw.pl/program-wspierania-plynnosci-notowania,,,,Program Wspierania Płynności,GPW
Diagnostyka SA,,,https://www.gpw.pl/program-wspierania-plynnosci2,,,,Program wspierania płynności,GPW
Dom Development SA,,,https://www.gpw.pl/program-wspierania-plynnosci-notowania,,,,Program Wspierania Płynności,GPW
Dom Development SA,,,https://www.gpw.pl/program-wspierania-plynnosci2,,,,Program wspierania płynności,GPW
Enea SA,,,https://www.gpw.pl/program-wspierania-plynnosci-notowania,,,,Program Wspierania Płynności,GPW
Enea SA,,,https://www.gpw.pl/program-wspierania-plynnosci2,,,,Program wspierania płynności,GPW
Eurocash SA,,,https://www.gpw.pl/program-wspierania-plynnosci-notowania,,,,Program Wspierania Płynności,GPW
Eurocash SA,,,https://www.gpw.pl/program-wspierania-plynnosci2,,,,Program wspierania płynności,GPW
GPW SA,,,https://www.gpw.pl/program-wspierania-plynnosci-notowania,,,,Program Wspierania Płynności,GPW
GPW SA,,,https://www.gpw.pl/program-wspierania-plynnosci2,,,,Program wspierania płynności,GPW
Grupa Azoty SA,,,https://www.gpw.pl/program-wspierania-plynnosci-notowania,,,,Program Wspierania Płynności,GPW
Grupa Azoty SA,,,https://www.gpw.pl/program-wspierania-plynnosci2,,,,Program wspierania płynności,GPW
Grupa Pracuj SA,,,https://www.gpw.pl/program-wspierania-plynnosci-notowania,,,,Program Wspierania Płynności,GPW
Grupa Pracuj SA,,,https://www.gpw.pl/program-wspierania-plynnosci2,,,,Program wspierania płynności,GPW
"Huuuge, Inc.",,,https://www.gpw.pl/program-wspierania-plynnosci-notowania,,,,Program Wspierania Płynności,GPW
"Huuuge, Inc.",,,https://www.gpw.pl/program-wspierania-plynnosci2,,,,Program wspierania płynności,GPW
ING Bank Śląski SA,,,https://www.gpw.pl/program-wspierania-plynnosci-notowania,,,,Program Wspierania Płynności,GPW
ING Bank Śląski SA,,,https://www.gpw.pl/program-wspierania-plynnosci2,,,,Program wspierania płynności,GPW
Inter Cars SA,,,https://www.gpw.pl/program-wspierania-plynnosci-notowania,,,,Program Wspierania Płynności,GPW
Inter Cars SA,,,https://www.gpw.pl/program-wspierania-plynnosci2,,,,Program wspierania płynności,GPW
JSW  SA,,,https://www.gpw.pl/program-wspierania-plynnosci-notowania,,,,Program Wspierania Płynności,GPW
JSW  SA,,,https://www.gpw.pl/program-wspierania-plynnosci2,,,,Program wspierania płynności,GPW
Lubawa SA,,,https://www.gpw.pl/program-wspierania-plynnosci-notowania,,,,Program Wspierania Płynności,GPW
Lubawa SA,,,https://www.gpw.pl/program-wspierania-plynnosci2,,,,Program wspierania płynności,GPW
Mirbud SA,,,https://www.gpw.pl/program-wspierania-plynnosci-notowania,,,,Program Wspierania Płynności,GPW
Mirbud SA,,,https://www.gpw.pl/program-wspierania-plynnosci2,,,,Program wspierania płynności,GPW
Mo-Bruk SA,,,https://www.gpw.pl/program-wspierania-plynnosci-notowania,,,,Program Wspierania Płynności,GPW
Mo-Bruk SA,,,https://www.gpw.pl/program-wspierania-plynnosci2,,,,Program wspierania płynności,GPW
Neuca SA,,,https://www.gpw.pl/program-wspierania-plynnosci-notowania,,,,Program Wspierania Płynności,GPW
Neuca SA,,,https://www.gpw.pl/program-wspierania-plynnosci2,,,,Program wspierania płynności,GPW
Newag SA,,,https://www.gpw.pl/program-wspierania-plynnosci-notowania,,,,Program Wspierania Płynności,GPW
Newag SA,,,https://www.gpw.pl/program-wspierania-plynnosci2,,,,Program wspierania płynności,GPW
Polenergia SA,,,https://www.gpw.pl/program-wspierania-plynnosci-notowania,,,,Program Wspierania Płynności,GPW
Polenergia SA,,,https://www.gpw.pl/program-wspierania-plynnosci2,,,,Program wspierania płynności,GPW
Rainbow Tours SA,,,https://www.gpw.pl/program-wspierania-plynnosci-notowania,,,,Program Wspierania Płynności,GPW
Rainbow Tours SA,,,https://www.gpw.pl/program-wspierania-plynnosci2,,,,Program wspierania płynności,GPW
Synektik SA,,,https://www.gpw.pl/program-wspierania-plynnosci-notowania,,,,Program Wspierania Płynności,GPW
Synektik SA,,,https://www.gpw.pl/program-wspierania-plynnosci2,,,,Program wspierania płynności,GPW
Tauron PE SA,,,https://www.gpw.pl/program-wspierania-plynnosci-notowania,,,,Program Wspierania Płynności,GPW
Tauron PE SA,,,https://www.gpw.pl/program-wspierania-plynnosci2,,,,Program wspierania płynności,GPW
Ten Square Games SA,,,https://www.gpw.pl/program-wspierania-plynnosci-notowania,,,,Program Wspierania Płynności,GPW
Ten Square Games SA,,,https://www.gpw.pl/program-wspierania-plynnosci2,,,,Program wspierania płynności,GPW
Text SA,,,https://www.gpw.pl/program-wspierania-plynnosci-notowania,,,,Program Wspierania Płynności,GPW
Text SA,,,https://www.gpw.pl/program-wspierania-plynnosci2,,,,Program wspierania płynności,GPW
Vercom SA,,,https://www.gpw.pl/program-wspierania-plynnosci-notowania,,,,Program Wspierania Płynności,GPW
Vercom SA,,,https://www.gpw.pl/program-wspierania-plynnosci2,,,,Program wspierania płynności,GPW
Voxel SA,,,https://www.gpw.pl/program-wspierania-plynnosci-notowania,,,,Program Wspierania Płynności,GPW
Voxel SA,,,https://www.gpw.pl/program-wspierania-plynnosci2,,,,Program wspierania płynności,GPW
WP Holding SA,,,https://www.gpw.pl/program-wspierania-plynnosci-notowania,,,,Program Wspierania Płynności,GPW
WP Holding SA,,,https://www.gpw.pl/program-wspierania-plynnosci2,,,,Program wspierania płynności,GPW
XTB SA,,,https://www.gpw.pl/program-wspierania-plynnosci-notowania,,,,Program Wspierania Płynności,GPW
XTB SA,,,https://www.gpw.pl/program-wspierania-plynnosci2,,,,Program wspierania płynności,GPW
AC SA,,,https://www.gpw.pl/program-wspierania-plynnosci-notowania,,,,Program Wspierania Płynności,GPW
AC SA,,,https://www.gpw.pl/program-wspierania-plynnosci2,,,,Program wspierania płynności,GPW
Agora SA,,,https://www.gpw.pl/program-wspierania-plynnosci-notowania,,,,Program Wspierania Płynności,GPW
Agora SA,,,https://www.gpw.pl/program-wspierania-plynnosci2,,,,Program wspierania płynności,GPW
Ailleron SA,,,https://www.gpw.pl/program-wspierania-plynnosci-notowania,,,,Program Wspierania Płynności,GPW
Ailleron SA,,,https://www.gpw.pl/program-wspierania-plynnosci2,,,,Program wspierania płynności,GPW
Ambra SA,,,https://www.gpw.pl/program-wspierania-plynnosci-notowania,,,,Program Wspierania Płynności,GPW
Ambra SA,,,https://www.gpw.pl/program-wspierania-plynnosci2,,,,Program wspierania płynności,GPW
Amica SA,,,https://www.gpw.pl/program-wspierania-plynnosci-notowania,,,,Program Wspierania Płynności,GPW
Amica SA,,,https://www.gpw.pl/program-wspierania-plynnosci2,,,,Program wspierania płynności,GPW
Apator SA,,,https://www.gpw.pl/program-wspierania-plynnosci-notowania,,,,Program Wspierania Płynności,GPW
Apator SA,,,https://www.gpw.pl/program-wspierania-plynnosci2,,,,Program wspierania płynności,GPW
Archicom SA,,,https://www.gpw.pl/program-wspierania-plynnosci-notowania,,,,Program Wspierania Płynności,GPW
Archicom SA,,,https://www.gpw.pl/program-wspierania-plynnosci2,,,,Program wspierania płynności,GPW
Arctic Paper SA,,,https://www.gpw.pl/program-wspierania-plynnosci-notowania,,,,Program Wspierania Płynności,GPW
Arctic Paper SA,,,https://www.gpw.pl/program-wspierania-plynnosci2,,,,Program wspierania płynności,GPW
Asseco BS SA,,,https://www.gpw.pl/program-wspierania-plynnosci-notowania,,,,Program Wspierania Płynności,GPW
Asseco BS SA,,,https://www.gpw.pl/program-wspierania-plynnosci2,,,,Program wspierania płynności,GPW
Astarta Holding PLC,,,https://www.gpw.pl/program-wspierania-plynnosci-notowania,,,,Program Wspierania Płynności,GPW
Astarta Holding PLC,,,https://www.gpw.pl/program-wspierania-plynnosci2,,,,Program wspierania płynności,GPW
Atal SA,,,https://www.gpw.pl/program-wspierania-plynnosci-notowania,,,,Program Wspierania Płynności,GPW
Atal SA,,,https://www.gpw.pl/program-wspierania-plynnosci2,,,,Program wspierania płynności,GPW
BOŚ SA,,,https://www.gpw.pl/program-wspierania-plynnosci-notowania,,,,Program Wspierania Płynności,GPW
BOŚ SA,,,https://www.gpw.pl/program-wspierania-plynnosci2,,,,Program wspierania płynności,GPW
Bioceltix SA,,,https://www.gpw.pl/program-wspierania-plynnosci-notowania,,,,Program Wspierania Płynności,GPW
Bioceltix SA,,,https://www.gpw.pl/program-wspierania-plynnosci2,,,,Program wspierania płynności,GPW
Bioton SA,,,https://www.gpw.pl/program-wspierania-plynnosci-notowania,,,,Program Wspierania Płynności,GPW
Bioton SA,,,https://www.gpw.pl/program-wspierania-plynnosci2,,,,Program wspierania płynności,GPW
Bloober Team SA,,,https://www.gpw.pl/program-wspierania-plynnosci-notowania,,,,Program Wspierania Płynności,GPW
Bloober Team SA,,,https://www.gpw.pl/program-wspierania-plynnosci2,,,,Program wspierania płynności,GPW
Boryszew SA,,,https://www.gpw.pl/program-wspierania-plynnosci-notowania,,,,Program Wspierania Płynności,GPW
Boryszew SA,,,https://www.gpw.pl/program-wspierania-plynnosci2,,,,Program wspierania płynności,GPW
Bumech SA,,,https://www.gpw.pl/program-wspierania-plynnosci-notowania,,,,Program Wspierania Płynności,GPW
Bumech SA,,,https://www.gpw.pl/program-wspierania-plynnosci2,,,,Program wspierania płynności,GPW
CI Games SE,,,https://www.gpw.pl/program-wspierania-plynnosci-notowania,,,,Program Wspierania Płynności,GPW
CI Games SE,,,https://www.gpw.pl/program-wspierania-plynnosci2,,,,Program wspierania płynności,GPW
Captor Therapeutics SA,,,https://www.gpw.pl/program-wspierania-plynnosci-notowania,,,,Program Wspierania Płynności,GPW
Captor Therapeutics SA,,,https://www.gpw.pl/program-wspierania-plynnosci2,,,,Program wspierania płynności,GPW
Celon Pharma SA,,,https://www.gpw.pl/program-wspierania-plynnosci-notowania,,,,Program Wspierania Płynności,GPW
Celon Pharma SA,,,https://www.gpw.pl/program-wspierania-plynnosci2,,,,Program wspierania płynności,GPW
Cognor Holding SA,,,https://www.gpw.pl/program-wspierania-plynnosci-notowania,,,,Program Wspierania Płynności,GPW
Cognor Holding SA,,,https://www.gpw.pl/program-wspierania-plynnosci2,,,,Program wspierania płynności,GPW
Columbus Energy SA,,,https://www.gpw.pl/program-wspierania-plynnosci-notowania,,,,Program Wspierania Płynności,GPW
Columbus Energy SA,,,https://www.gpw.pl/program-wspierania-plynnosci2,,,,Program wspierania płynności,GPW
Comp SA,,,https://www.gpw.pl/program-wspierania-plynnosci-notowania,,,,Program Wspierania Płynności,GPW
Comp SA,,,https://www.gpw.pl/program-wspierania-plynnosci2,,,,Program wspierania płynności,GPW
Creepy Jar SA,,,https://www.gpw.pl/program-wspierania-plynnosci-notowania,,,,Program Wspierania Płynności,GPW
Creepy Jar SA,,,https://www.gpw.pl/program-wspierania-plynnosci2,,,,Program wspierania płynności,GPW
Creotech Instruments SA,,,https://www.gpw.pl/program-wspierania-plynnosci-notowania,,,,Program Wspierania Płynności,GPW
Creotech Instruments SA,,,https://www.gpw.pl/program-wspierania-plynnosci2,,,,Program wspierania płynności,GPW
Dadelo SA,,,https://www.gpw.pl/program-wspierania-plynnosci-notowania,,,,Program Wspierania Płynności,GPW
Dadelo SA,,,https://www.gpw.pl/program-wspierania-plynnosci2,,,,Program wspierania płynności,GPW
DataWalk SA,,,https://www.gpw.pl/program-wspierania-plynnosci-notowania,,,,Program Wspierania Płynności,GPW
DataWalk SA,,,https://www.gpw.pl/program-wspierania-plynnosci2,,,,Program wspierania płynności,GPW
Decora SA,,,https://www.gpw.pl/program-wspierania-plynnosci-notowania,,,,Program Wspierania Płynności,GPW
Decora SA,,,https://www.gpw.pl/program-wspierania-plynnosci2,,,,Program wspierania płynności,GPW
Echo Investment SA,,,https://www.gpw.pl/program-wspierania-plynnosci-notowania,,,,Program Wspierania Płynności,GPW
Echo Investment SA,,,https://www.gpw.pl/program-wspierania-plynnosci2,,,,Program wspierania płynności,GPW
Elektrotim SA,,,https://www.gpw.pl/program-wspierania-plynnosci-notowania,,,,Program Wspierania Płynności,GPW
Elektrotim SA,,,https://www.gpw.pl/program-wspierania-plynnosci2,,,,Program wspierania płynności,GPW
Enter Air SA,,,https://www.gpw.pl/program-wspierania-plynnosci-notowania,,,,Program Wspierania Płynności,GPW
Enter Air SA,,,https://www.gpw.pl/program-wspierania-plynnosci2,,,,Program wspierania płynności,GPW
Erbud SA,,,https://www.gpw.pl/program-wspierania-plynnosci-notowania,,,,Program Wspierania Płynności,GPW
Erbud SA,,,https://www.gpw.pl/program-wspierania-plynnosci2,,,,Program wspierania płynności,GPW
Fabryki Mebli Forte SA,,,https://www.gpw.pl/program-wspierania-plynnosci-notowania,,,,Program Wspierania Płynności,GPW
Fabryki Mebli Forte SA,,,https://www.gpw.pl/program-wspierania-plynnosci2,,,,Program wspierania płynności,GPW
Ferro SA,,,https://www.gpw.pl/program-wspierania-plynnosci-notowania,,,,Program Wspierania Płynności,GPW
Ferro SA,,,https://www.gpw.pl/program-wspierania-plynnosci2,,,,Program wspierania płynności,GPW
GreenX Metals Ltd.,,,https://www.gpw.pl/program-wspierania-plynnosci-notowania,,,,Program Wspierania Płynności,GPW
GreenX Metals Ltd.,,,https://www.gpw.pl/program-wspierania-plynnosci2,,,,Program wspierania płynności,GPW
Grenevia SA,,,https://www.gpw.pl/program-wspierania-plynnosci-notowania,,,,Program Wspierania Płynności,GPW
Grenevia SA,,,https://www.gpw.pl/program-wspierania-plynnosci2,,,,Program wspierania płynności,GPW
Kogeneracja SA,,,https://www.gpw.pl/program-wspierania-plynnosci-notowania,,,,Program Wspierania Płynności,GPW
Kogeneracja SA,,,https://www.gpw.pl/program-wspierania-plynnosci2,,,,Program wspierania płynności,GPW
LW Bogdanka SA,,,https://www.gpw.pl/program-wspierania-plynnosci-notowania,,,,Program Wspierania Płynności,GPW
LW Bogdanka SA,,,https://www.gpw.pl/program-wspierania-plynnosci2,,,,Program wspierania płynności,GPW
MCI Capital ASI SA,,,https://www.gpw.pl/program-wspierania-plynnosci-notowania,,,,Program Wspierania Płynności,GPW
MCI Capital ASI SA,,,https://www.gpw.pl/program-wspierania-plynnosci2,,,,Program wspierania płynności,GPW
ML System SA,,,https://www.gpw.pl/program-wspierania-plynnosci-notowania,,,,Program Wspierania Płynności,GPW
ML System SA,,,https://www.gpw.pl/program-wspierania-plynnosci2,,,,Program wspierania płynności,GPW
Mabion SA,,,https://www.gpw.pl/program-wspierania-plynnosci-notowania,,,,Program Wspierania Płynności,GPW
Mabion SA,,,https://www.gpw.pl/program-wspierania-plynnosci2,,,,Program wspierania płynności,GPW
Medicalgorithmics SA,,,https://www.gpw.pl/program-wspierania-plynnosci-notowania,,,,Program Wspierania Płynności,GPW
Medicalgorithmics SA,,,https://www.gpw.pl/program-wspierania-plynnosci2,,,,Program wspierania płynności,GPW
Mennica Polska SA,,,https://www.gpw.pl/program-wspierania-plynnosci-notowania,,,,Program Wspierania Płynności,GPW
Mennica Polska SA,,,https://www.gpw.pl/program-wspierania-plynnosci2,,,,Program wspierania płynności,GPW
Mercator Medical SA,,,https://www.gpw.pl/program-wspierania-plynnosci-notowania,,,,Program Wspierania Płynności,GPW
Mercator Medical SA,,,https://www.gpw.pl/program-wspierania-plynnosci2,,,,Program wspierania płynności,GPW
Mercor SA,,,https://www.gpw.pl/program-wspierania-plynnosci-notowania,,,,Program Wspierania Płynności,GPW
Mercor SA,,,https://www.gpw.pl/program-wspierania-plynnosci2,,,,Program wspierania płynności,GPW
Molecure SA,,,https://www.gpw.pl/program-wspierania-plynnosci-notowania,,,,Program Wspierania Płynności,GPW
Molecure SA,,,https://www.gpw.pl/program-wspierania-plynnosci2,,,,Program wspierania płynności,GPW
Mostostal Zabrze SA,,,https://www.gpw.pl/program-wspierania-plynnosci-notowania,,,,Program Wspierania Płynności,GPW
Mostostal Zabrze SA,,,https://www.gpw.pl/program-wspierania-plynnosci2,,,,Program wspierania płynności,GPW
Murapol SA,,,https://www.gpw.pl/program-wspierania-plynnosci-notowania,,,,Program Wspierania Płynności,GPW
Murapol SA,,,https://www.gpw.pl/program-wspierania-plynnosci2,,,,Program wspierania płynności,GPW
Onde SA,,,https://www.gpw.pl/program-wspierania-plynnosci-notowania,,,,Program Wspierania Płynności,GPW
Onde SA,,,https://www.gpw.pl/program-wspierania-plynnosci2,,,,Program wspierania płynności,GPW
Oponeo.pl SA,,,https://www.gpw.pl/program-wspierania-plynnosci-notowania,,,,Program Wspierania Płynności,GPW
Oponeo.pl SA,,,https://www.gpw.pl/program-wspierania-plynnosci2,,,,Program wspierania płynności,GPW
PCC Rokita SA,,,https://www.gpw.pl/program-wspierania-plynnosci-notowania,,,,Program Wspierania Płynności,GPW
PCC Rokita SA,,,https://www.gpw.pl/program-wspierania-plynnosci2,,,,Program wspierania płynności,GPW
Pekabex SA,,,https://www.gpw.pl/program-wspierania-plynnosci-notowania,,,,Program Wspierania Płynności,GPW
Pekabex SA,,,https://www.gpw.pl/program-wspierania-plynnosci2,,,,Program wspierania płynności,GPW
PlayWay SA,,,https://www.gpw.pl/program-wspierania-plynnosci-notowania,,,,Program Wspierania Płynności,GPW
PlayWay SA,,,https://www.gpw.pl/program-wspierania-plynnosci2,,,,Program wspierania płynności,GPW
Polimex Mostostal SA,,,https://www.gpw.pl/program-wspierania-plynnosci-notowania,,,,Program Wspierania Płynności,GPW
Polimex Mostostal SA,,,https://www.gpw.pl/program-wspierania-plynnosci2,,,,Program wspierania płynności,GPW
Quercus TFI SA,,,https://www.gpw.pl/program-wspierania-plynnosci-notowania,,,,Program Wspierania Płynności,GPW
Quercus TFI SA,,,https://www.gpw.pl/program-wspierania-plynnosci2,,,,Program wspierania płynności,GPW
Rank Progress SA,,,https://www.gpw.pl/program-wspierania-plynnosci-notowania,,,,Program Wspierania Płynności,GPW
Rank Progress SA,,,https://www.gpw.pl/program-wspierania-plynnosci2,,,,Program wspierania płynności,GPW
Ryvu Therapeutics SA,,,https://www.gpw.pl/program-wspierania-plynnosci-notowania,,,,Program Wspierania Płynności,GPW
Ryvu Therapeutics SA,,,https://www.gpw.pl/program-wspierania-plynnosci2,,,,Program wspierania płynności,GPW
Sanok Rubber Company SA,,,https://www.gpw.pl/program-wspierania-plynnosci-notowania,,,,Program Wspierania Płynności,GPW
Sanok Rubber Company SA,,,https://www.gpw.pl/program-wspierania-plynnosci2,,,,Program wspierania płynności,GPW
Scope Fluidics SA,,,https://www.gpw.pl/program-wspierania-plynnosci-notowania,,,,Program Wspierania Płynności,GPW
Scope Fluidics SA,,,https://www.gpw.pl/program-wspierania-plynnosci2,,,,Program wspierania płynności,GPW
Selena FM SA,,,https://www.gpw.pl/program-wspierania-plynnosci-notowania,,,,Program Wspierania Płynności,GPW
Selena FM SA,,,https://www.gpw.pl/program-wspierania-plynnosci2,,,,Program wspierania płynności,GPW
Selvita SA,,,https://www.gpw.pl/program-wspierania-plynnosci-notowania,,,,Program Wspierania Płynności,GPW
Selvita SA,,,https://www.gpw.pl/program-wspierania-plynnosci2,,,,Program wspierania płynności,GPW
Shoper SA,,,https://www.gpw.pl/program-wspierania-plynnosci-notowania,,,,Program Wspierania Płynności,GPW
Shoper SA,,,https://www.gpw.pl/program-wspierania-plynnosci2,,,,Program wspierania płynności,GPW
Stalexport Autostrady SA,,,https://www.gpw.pl/program-wspierania-plynnosci-notowania,,,,Program Wspierania Płynności,GPW
Stalexport Autostrady SA,,,https://www.gpw.pl/program-wspierania-plynnosci2,,,,Program wspierania płynności,GPW
Stalprodukt SA,,,https://www.gpw.pl/program-wspierania-plynnosci-notowania,,,,Program Wspierania Płynności,GPW
Stalprodukt SA,,,https://www.gpw.pl/program-wspierania-plynnosci2,,,,Program wspierania płynności,GPW
Sygnity SA,,,https://www.gpw.pl/program-wspierania-plynnosci-notowania,,,,Program Wspierania Płynności,GPW
Sygnity SA,,,https://www.gpw.pl/program-wspierania-plynnosci2,,,,Program wspierania płynności,GPW
Synthaverse SA,,,https://www.gpw.pl/program-wspierania-plynnosci-notowania,,,,Program Wspierania Płynności,GPW
Synthaverse SA,,,https://www.gpw.pl/program-wspierania-plynnosci2,,,,Program wspierania płynności,GPW
Tarczyński SA,,,https://www.gpw.pl/program-wspierania-plynnosci-notowania,,,,Program Wspierania Płynności,GPW
Tarczyński SA,,,https://www.gpw.pl/program-wspierania-plynnosci2,,,,Program wspierania płynności,GPW
Torpol SA,,,https://www.gpw.pl/program-wspierania-plynnosci-notowania,,,,Program Wspierania Płynności,GPW
Torpol SA,,,https://www.gpw.pl/program-wspierania-plynnosci2,,,,Program wspierania płynności,GPW
Toya SA,,,https://www.gpw.pl/program-wspierania-plynnosci-notowania,,,,Program Wspierania Płynności,GPW
Toya SA,,,https://www.gpw.pl/program-wspierania-plynnosci2,,,,Program wspierania płynności,GPW
Unibep SA,,,https://www.gpw.pl/program-wspierania-plynnosci-notowania,,,,Program Wspierania Płynności,GPW
Unibep SA,,,https://www.gpw.pl/program-wspierania-plynnosci2,,,,Program wspierania płynności,GPW
Unimot SA,,,https://www.gpw.pl/program-wspierania-plynnosci-notowania,,,,Program Wspierania Płynności,GPW
Unimot SA,,,https://www.gpw.pl/program-wspierania-plynnosci2,,,,Program wspierania płynności,GPW
VRG SA,,,https://www.gpw.pl/program-wspierania-plynnosci-notowania,,,,Program Wspierania Płynności,GPW
VRG SA,,,https://www.gpw.pl/program-wspierania-plynnosci2,,,,Program wspierania płynności,GPW
Vigo Photonics SA,,,https://www.gpw.pl/program-wspierania-plynnosci-notowania,,,,Program Wspierania Płynności,GPW
Vigo Photonics SA,,,https://www.gpw.pl/program-wspierania-plynnosci2,,,,Program wspierania płynności,GPW
Votum SA,,,https://www.gpw.pl/program-wspierania-plynnosci-notowania,,,,Program Wspierania Płynności,GPW
Votum SA,,,https://www.gpw.pl/program-wspierania-plynnosci2,,,,Program wspierania płynności,GPW
Wawel SA,,,https://www.gpw.pl/program-wspierania-plynnosci-notowania,,,,Program Wspierania Płynności,GPW
Wawel SA,,,https://www.gpw.pl/program-wspierania-plynnosci2,,,,Program wspierania płynności,GPW
Wielton SA,,,https://www.gpw.pl/program-wspierania-plynnosci-notowania,,,,Program Wspierania Płynności,GPW
Wielton SA,,,https://www.gpw.pl/program-wspierania-plynnosci2,,,,Program wspierania płynności,GPW
Wittchen SA,,,https://www.gpw.pl/program-wspierania-plynnosci-notowania,,,,Program Wspierania Płynności,GPW
Wittchen SA,,,https://www.gpw.pl/program-wspierania-plynnosci2,,,,Program wspierania płynności,GPW
XTPL SA,,,https://www.gpw.pl/program-wspierania-plynnosci-notowania,,,,Program Wspierania Płynności,GPW
XTPL SA,,,https://www.gpw.pl/program-wspierania-plynnosci2,,,,Program wspierania płynności,GPW
ZE PAK SA,,,https://www.gpw.pl/program-wspierania-plynnosci-notowania,,,,Program Wspierania Płynności,GPW
ZE PAK SA,,,https://www.gpw.pl/program-wspierania-plynnosci2,,,,Program wspierania płynności,GPW
Śnieżka SA,,,https://www.gpw.pl/program-wspierania-plynnosci-notowania,,,,Program Wspierania Płynności,GPW
Śnieżka SA,,,https://www.gpw.pl/program-wspierania-plynnosci2,,,,Program wspierania płynności,GPW
