Date,Open,High,Low,Close,Volume
2014-09-01,4.7,4.7,4.51,4.56,28150.0
2014-09-02,4.69,4.7,4.6,4.65,1660.0
2014-09-03,4.78,4.78,4.58,4.72,6000.0
2014-09-04,4.79,4.79,4.57,4.57,17310.0
2014-09-05,4.8,4.8,4.57,4.57,1900.0
2014-09-08,4.76,4.76,4.65,4.7,2170.0
2014-09-09,4.69,4.69,4.45,4.56,8700.0
2014-09-10,4.57,4.57,4.47,4.55,870.0
2014-09-11,4.56,4.56,4.5,4.54,5640.0
2014-09-12,4.58,4.58,4.5,4.5,3570.0
2014-09-15,4.63,4.63,4.42,4.5,3650.0
2014-09-16,4.48,4.5,4.46,4.5,1390.0
2014-09-17,4.5,4.5,4.45,4.5,3170.0
2014-09-18,4.5,4.5,4.49,4.5,4550.0
2014-09-19,4.5,4.69,4.5,4.66,14490.0
2014-09-22,4.69,4.74,4.51,4.74,47000.0
2014-09-23,4.73,4.73,4.6,4.66,9070.0
2014-09-24,4.73,4.73,4.56,4.6,3180.0
2014-09-25,4.72,4.72,4.54,4.6,2820.0
2014-09-26,4.69,4.69,4.54,4.57,2330.0
2014-09-29,4.69,4.69,4.5,4.6,810.0
2014-09-30,4.6,4.6,4.55,4.55,440.0
2014-10-01,4.55,4.55,4.45,4.45,5990.0
2014-10-02,4.55,4.55,4.45,4.45,2810.0
2014-10-03,4.46,4.46,4.42,4.42,9640.0
2014-10-06,4.41,4.42,4.36,4.42,8630.0
2014-10-07,4.42,4.45,4.39,4.39,1090.0
2014-10-08,4.43,4.49,4.4,4.44,3590.0
2014-10-09,4.44,4.44,4.4,4.44,1110.0
2014-10-10,4.45,4.45,4.36,4.45,2660.0
2014-10-13,4.36,4.44,4.36,4.42,800.0
2014-10-14,4.44,4.44,4.4,4.4,10.0
2014-10-15,4.4,4.4,4.26,4.35,6720.0
2014-10-16,4.37,4.37,4.28,4.3,8290.0
2014-10-17,4.3,4.38,4.3,4.33,850.0
2014-10-20,4.3,4.3,4.26,4.27,370.0
2014-10-21,4.3,4.38,4.29,4.38,1240.0
2014-10-22,4.38,4.38,4.35,4.35,20.0
2014-10-23,4.38,4.38,4.11,4.33,7040.0
2014-10-24,4.29,4.34,4.21,4.34,3160.0
2014-10-27,4.34,4.34,4.21,4.21,5410.0
2014-10-28,4.25,4.25,4.2,4.25,2610.0
2014-10-29,4.25,4.25,4.24,4.25,610.0
2014-10-30,4.25,4.25,4.25,4.25,10.0
2014-10-31,4.25,4.25,4.2,4.2,410.0
2014-11-03,4.17,4.25,4.17,4.24,4700.0
2014-11-04,4.25,4.25,4.25,4.25,10.0
2014-11-05,4.25,4.25,4.25,4.25,60.0
2014-11-06,4.25,4.25,4.25,4.25,10.0
2014-11-07,4.25,4.25,4.25,4.25,10.0
2014-11-10,4.2,4.25,4.01,4.25,11700.0
2014-11-12,4.24,4.24,4.06,4.07,2120.0
2014-11-13,4.06,4.12,4.06,4.12,420.0
2014-11-14,4.12,4.12,4.05,4.05,9390.0
2014-11-17,4.02,4.19,4.01,4.17,5330.0
2014-11-18,4.17,4.17,4.05,4.05,1620.0
2014-11-19,4.13,4.19,4.1,4.19,4680.0
2014-11-20,4.19,4.19,4.08,4.14,1010.0
2014-11-21,4.14,4.19,4.1,4.19,1280.0
2014-11-24,4.1,4.19,4.09,4.19,5420.0
2014-11-25,4.18,4.18,4.18,4.18,10.0
2014-11-26,4.15,4.18,4.15,4.15,360.0
2014-11-27,4.15,4.15,4.08,4.08,5170.0
2014-11-28,4.1,4.1,4.1,4.1,40.0
2014-12-01,4.1,4.24,4.1,4.18,2810.0
2014-12-02,4.18,4.23,4.17,4.23,2180.0
2014-12-03,4.22,4.22,4.2,4.22,350.0
2014-12-04,4.21,4.21,4.11,4.11,1080.0
2014-12-05,4.2,4.2,4.11,4.18,1910.0
2014-12-08,4.19,4.19,4.11,4.19,720.0
2014-12-09,4.19,4.19,4.11,4.15,3810.0
2014-12-10,4.15,4.15,4.06,4.06,1220.0
2014-12-11,4.14,4.14,4.05,4.14,1810.0
2014-12-12,4.14,4.14,4.12,4.12,20.0
2014-12-15,4.13,4.13,4.02,4.13,500.0
2014-12-16,4.02,4.1,3.96,4.09,2550.0
2014-12-17,4.03,4.05,4.0,4.05,3680.0
2014-12-18,4.05,4.05,4.0,4.0,1120.0
2014-12-19,4.0,4.05,4.0,4.0,450.0
2014-12-22,4.03,4.03,3.82,3.89,2470.0
2014-12-23,3.75,3.89,3.7,3.87,7630.0
2014-12-29,3.85,3.92,3.79,3.9,10530.0
2014-12-30,3.92,3.92,3.9,3.9,6020.0
2015-01-02,4.05,4.05,4.05,4.05,10.0
2015-01-05,3.92,4.0,3.92,3.99,2800.0
2015-01-07,3.99,4.0,3.92,3.95,930.0
2015-01-08,3.95,3.95,3.85,3.85,2560.0
2015-01-09,4.05,4.05,4.05,4.05,0.0
2015-01-12,4.0,4.0,3.95,3.95,900.0
2015-01-13,3.86,4.0,3.86,3.93,870.0
2015-01-14,3.99,3.99,3.86,3.86,4800.0
2015-01-15,4.0,4.0,3.82,3.82,3720.0
2015-01-16,3.97,4.0,3.9,4.0,3000.0
2015-01-19,4.0,4.0,3.81,3.9,930.0
2015-01-20,3.85,3.85,3.76,3.76,7310.0
2015-01-21,3.85,3.85,3.82,3.84,390.0
2015-01-22,3.75,3.85,3.75,3.85,1200.0
2015-01-23,3.97,3.97,3.8,3.8,2080.0
2015-01-26,3.97,3.97,3.72,3.74,2320.0
2015-01-27,3.8,3.8,3.73,3.74,3900.0
2015-01-28,3.74,3.74,3.71,3.74,1420.0
2015-01-29,3.75,3.94,3.7,3.74,5030.0
2015-01-30,3.94,3.94,3.72,3.74,16120.000000000002
2015-02-02,3.92,3.92,3.7,3.72,1460.0
2015-02-03,3.73,3.75,3.72,3.74,3160.0
2015-02-04,3.75,3.75,3.73,3.74,2220.0
2015-02-05,3.75,3.92,3.72,3.74,6220.0
2015-02-06,3.72,3.88,3.7,3.85,1920.0
2015-02-09,3.89,3.98,3.74,3.79,10300.0
2015-02-10,3.79,3.87,3.71,3.71,10960.0
2015-02-11,3.92,3.92,3.73,3.74,3190.0
2015-02-12,3.74,3.74,3.72,3.72,5420.0
2015-02-13,3.92,3.92,3.74,3.74,1970.0
2015-02-16,3.79,3.91,3.79,3.9,4240.0
2015-02-17,3.9,3.9,3.86,3.9,2190.0
2015-02-18,3.9,4.29,3.9,4.21,51190.0
2015-02-19,4.25,4.35,4.05,4.12,27450.0
2015-02-20,4.2,4.2,4.07,4.15,5400.0
2015-02-23,4.16,4.16,4.08,4.11,7670.0
2015-02-24,4.15,4.15,4.1,4.1,3750.0
2015-02-25,4.16,4.16,4.09,4.15,29350.0
2015-02-26,4.15,4.18,4.13,4.18,2650.0
2015-02-27,4.2,4.2,4.01,4.19,13000.0
2015-03-02,4.18,4.18,4.16,4.17,2240.0
2015-03-03,4.17,4.18,4.09,4.17,3050.0
2015-03-04,4.15,4.18,4.12,4.17,730.0
2015-03-05,4.17,4.2,4.14,4.16,9010.0
2015-03-06,4.21,4.5,4.19,4.43,51000.0
2015-03-09,4.43,4.5,4.4,4.41,5290.0
2015-03-10,4.5,4.5,4.45,4.46,1350.0
2015-03-11,4.33,4.42,4.32,4.42,1010.0
2015-03-12,4.45,4.45,4.38,4.45,170.0
2015-03-13,4.46,4.49,4.4,4.4,2820.0
2015-03-16,4.48,4.48,4.41,4.41,1000.0
2015-03-17,4.3,4.37,4.21,4.37,8890.0
2015-03-18,4.33,4.33,4.2,4.24,6330.0
2015-03-19,4.0,4.0,3.75,3.93,215770.0
2015-03-20,3.84,3.97,3.81,3.88,18100.0
2015-03-23,3.9,3.9,3.83,3.89,7950.0
2015-03-24,3.89,3.97,3.86,3.94,5940.0
2015-03-25,3.94,3.94,3.85,3.93,9060.0
2015-03-26,3.93,3.93,3.86,3.86,1010.0
2015-03-27,3.93,3.93,3.9,3.93,2700.0
2015-03-30,3.93,3.93,3.85,3.87,840.0
2015-03-31,3.82,3.97,3.82,3.95,3680.0
2015-04-01,3.94,3.94,3.85,3.85,1820.0
2015-04-02,3.95,3.95,3.84,3.86,3490.0
2015-04-07,3.94,3.94,3.85,3.92,2480.0
2015-04-08,3.92,3.92,3.86,3.92,3090.0
2015-04-09,3.91,3.91,3.86,3.9,1330.0
2015-04-10,3.9,3.94,3.85,3.94,2390.0
2015-04-13,3.94,3.94,3.92,3.94,30.0
2015-04-14,3.93,3.95,3.9,3.95,4830.0
2015-04-15,3.94,3.98,3.94,3.98,6720.0
2015-04-16,3.98,4.25,3.93,4.2,24130.0
2015-04-17,4.19,4.2,4.13,4.15,7030.0
2015-04-20,4.0,4.0,3.85,4.0,10860.0
2015-04-21,4.05,4.05,3.97,4.04,2420.0
2015-04-22,4.01,4.1,4.0,4.1,9980.0
2015-04-23,4.1,4.1,4.02,4.09,3080.0
2015-04-24,4.1,4.16,4.05,4.15,3240.0
2015-04-27,4.15,4.15,4.02,4.1,3700.0
2015-04-28,4.16,4.16,4.08,4.1,190.0
2015-04-29,4.1,4.1,4.0,4.05,1390.0
2015-04-30,4.1,4.1,3.9,3.93,2450.0
2015-05-04,3.95,3.99,3.85,3.9,4320.0
2015-05-05,4.0,4.0,3.86,3.89,2140.0
2015-05-06,3.89,3.89,3.85,3.88,2130.0
2015-05-07,3.92,3.99,3.92,3.97,740.0
2015-05-08,3.97,3.97,3.9,3.9,4340.0
2015-05-11,3.97,4.06,3.9,4.05,7050.0
2015-05-12,4.04,4.04,3.91,3.91,900.0
2015-05-13,4.03,4.17,4.03,4.1,52550.0
2015-05-14,4.14,4.17,4.04,4.04,4010.0
2015-05-15,4.04,4.1,4.04,4.1,7250.0
2015-05-18,4.09,4.1,4.05,4.09,8760.0
2015-05-19,4.0,4.09,3.99,4.03,4270.0
2015-05-20,4.03,4.05,3.93,4.05,3570.0
2015-05-21,4.05,4.05,3.9,4.0,6810.0
2015-05-22,4.08,4.08,3.92,4.04,3440.0
2015-05-25,4.04,4.04,3.95,4.0,720.0
2015-05-26,4.0,4.0,3.83,3.9,12910.0
2015-05-27,3.83,3.91,3.81,3.81,9610.0
2015-05-28,3.92,3.92,3.75,3.8,14110.0
2015-05-29,3.95,3.95,3.75,3.8,4950.0
2015-06-01,3.98,3.98,3.85,3.95,7060.0
2015-06-02,3.94,3.94,3.9,3.9,1660.0
2015-06-03,3.9,3.93,3.89,3.9,1730.0
2015-06-05,3.8,3.85,3.8,3.82,4600.0
2015-06-08,3.88,3.92,3.88,3.88,1250.0
2015-06-09,3.9,3.91,3.8,3.9,1750.0
2015-06-10,3.8,3.94,3.75,3.85,12470.0
2015-06-11,3.85,3.9,3.85,3.89,5470.0
2015-06-12,3.89,3.89,3.83,3.85,1780.0
2015-06-15,3.85,3.85,3.75,3.75,5220.0
2015-06-16,3.79,3.79,3.73,3.79,950.0
2015-06-17,3.79,3.79,3.75,3.79,1290.0
2015-06-18,3.79,3.79,3.71,3.79,9820.0
2015-06-19,3.75,3.79,3.64,3.79,27320.0
2015-06-22,3.79,3.79,3.7,3.75,2560.0
2015-06-23,3.75,3.75,3.68,3.75,1100.0
2015-06-24,3.74,3.74,3.61,3.72,1860.0
2015-06-25,3.75,3.75,3.64,3.66,110.0
2015-06-26,3.7,3.75,3.7,3.75,730.0
2015-06-29,3.73,3.73,3.58,3.7,2670.0
2015-06-30,3.7,3.7,3.66,3.7,340.0
2015-07-01,3.7,3.7,3.58,3.69,3800.0
2015-07-02,3.69,3.69,3.6,3.69,3070.0
2015-07-03,3.69,3.75,3.68,3.75,22440.0
2015-07-06,3.7,3.85,3.7,3.85,26080.0
2015-07-07,3.89,4.07,3.86,3.97,21630.0
2015-07-08,4.25,4.25,4.0,4.15,12050.0
2015-07-09,4.15,4.15,4.06,4.15,1820.0
2015-07-10,4.15,4.25,4.11,4.25,11070.0
2015-07-13,4.25,4.25,4.16,4.17,3000.0
2015-07-14,4.17,4.25,4.17,4.23,43960.0
2015-07-15,4.25,4.25,4.17,4.24,2120.0
2015-07-16,4.2,4.2,4.18,4.2,3520.0
2015-07-17,4.2,4.2,3.84,4.2,16290.0
2015-07-20,4.2,4.2,4.17,4.2,550.0
2015-07-21,4.2,4.2,4.07,4.19,2350.0
2015-07-22,4.19,4.19,4.0,4.18,9740.0
2015-07-23,4.17,4.18,4.0,4.18,6370.0
2015-07-24,4.18,4.18,4.01,4.1,2140.0
2015-07-27,4.1,4.1,4.03,4.1,1040.0
2015-07-28,4.1,4.1,3.96,4.1,3570.0
2015-07-29,4.1,4.15,4.02,4.15,3950.0
2015-07-30,4.2,4.2,4.05,4.18,340.0
2015-07-31,4.2,4.2,4.02,4.11,1730.0
2015-08-03,4.02,4.19,4.02,4.02,2530.0
2015-08-04,4.2,4.2,4.04,4.15,350.0
2015-08-05,4.15,4.15,4.05,4.15,1320.0
2015-08-06,4.15,4.15,4.08,4.14,740.0
2015-08-07,4.01,4.15,4.01,4.08,610.0
2015-08-10,4.1,4.1,4.02,4.1,3260.0
2015-08-11,4.1,4.1,4.05,4.1,5240.0
2015-08-12,4.1,4.1,4.04,4.1,4500.0
2015-08-13,4.08,4.14,4.07,4.14,3210.0
2015-08-14,4.14,4.14,4.08,4.14,2120.0
2015-08-17,4.05,4.14,4.05,4.14,1090.0
2015-08-18,4.14,4.14,4.12,4.14,970.0
2015-08-19,4.15,4.16,4.15,4.16,180.0
2015-08-20,4.16,4.2,4.13,4.2,2020.0
2015-08-21,4.2,4.2,4.1,4.19,390.0
2015-08-24,4.1,4.19,3.96,4.19,30860.0
2015-08-25,4.0,4.2,4.0,4.2,8340.0
2015-08-26,4.2,4.43,4.06,4.43,7150.0
2015-08-27,4.75,4.86,4.65,4.8,95890.0
2015-08-28,4.79,4.79,4.65,4.7,2380.0
2015-08-31,4.65,4.94,4.65,4.93,30640.0
2015-09-01,4.94,4.94,4.75,4.87,1390.0
2015-09-02,4.87,4.87,4.75,4.87,2009.9999999999998
2015-09-03,4.84,4.84,4.73,4.73,7540.0
2015-09-04,4.84,4.9,4.84,4.88,8060.000000000001
2015-09-07,4.88,4.9,4.88,4.9,70.0
2015-09-08,4.88,4.88,4.75,4.8,2530.0
2015-09-09,4.84,4.84,4.66,4.82,42820.0
2015-09-10,4.8,4.8,4.8,4.8,110.0
2015-09-11,4.8,4.8,4.8,4.8,90.0
2015-09-14,4.8,4.8,4.8,4.8,30.0
2015-09-15,4.8,4.8,4.61,4.75,570.0
2015-09-16,4.75,4.8,4.73,4.73,3750.0
2015-09-17,4.73,4.73,4.49,4.49,11400.0
2015-09-18,4.51,4.55,4.51,4.55,1620.0
2015-09-21,4.72,4.72,4.51,4.51,380.0
2015-09-22,4.53,4.53,4.51,4.53,310.0
2015-09-23,4.55,4.55,4.4,4.4,540.0
2015-09-24,4.42,4.42,4.42,4.42,60.0
2015-09-25,4.42,4.42,4.27,4.33,9620.0
2015-09-28,4.25,4.25,3.98,4.19,26160.0
2015-09-29,4.19,4.19,4.12,4.19,530.0
2015-09-30,4.2,4.2,3.89,4.19,23860.0
2015-10-01,4.18,4.29,4.06,4.12,36900.0
2015-10-02,4.29,4.29,4.07,4.07,4360.0
2015-10-05,4.28,4.28,3.99,4.28,21660.0
2015-10-06,4.25,4.25,4.07,4.07,2320.0
2015-10-07,4.23,4.23,4.1,4.1,3550.0
2015-10-08,4.12,4.25,4.03,4.25,3850.0
2015-10-09,4.24,4.24,4.1,4.11,4070.0000000000005
2015-10-12,4.16,4.16,4.14,4.14,460.0
2015-10-13,4.24,4.24,4.1,4.1,750.0
2015-10-14,4.24,4.24,4.0,4.01,118590.0
2015-10-15,4.01,4.06,4.01,4.06,5120.0
2015-10-16,4.06,4.1,4.01,4.01,15640.0
2015-10-19,4.1,4.2,4.0,4.19,52600.0
2015-10-20,4.14,4.2,4.09,4.19,1010.0
2015-10-21,4.2,4.2,4.14,4.14,150.0
2015-10-22,4.2,4.2,4.17,4.2,360.0
2015-10-23,4.2,4.2,4.0,4.1,146250.0
2015-10-26,4.1,4.15,3.99,4.1,54770.0
2015-10-27,4.1,4.19,4.1,4.15,70.0
2015-10-28,4.18,4.18,4.03,4.03,2660.0
2015-10-29,4.1,4.1,4.1,4.1,70.0
2015-10-30,4.1,4.19,4.1,4.19,4620.0
2015-11-02,4.24,4.39,4.15,4.35,12060.0
2015-11-03,4.38,4.45,4.31,4.45,3530.0
2015-11-04,4.45,4.46,4.33,4.45,3160.0
2015-11-05,4.48,4.48,4.1,4.35,1410.0
2015-11-06,4.35,4.35,4.16,4.3,330.0
2015-11-09,4.35,4.35,4.12,4.35,20.0
2015-11-10,4.23,4.3,4.23,4.3,1000.0
2015-11-12,4.06,4.19,4.0,4.19,7020.0
2015-11-13,4.14,4.19,4.06,4.19,720.0
2015-11-16,4.06,4.06,4.0,4.05,4280.0
2015-11-17,4.18,4.18,3.94,3.94,5770.0
2015-11-18,4.1,4.1,3.86,3.98,2890.0
2015-11-19,4.01,4.01,3.82,3.99,6400.0
2015-11-20,3.98,3.98,3.98,3.98,290.0
2015-11-23,3.94,3.98,3.87,3.98,1210.0
2015-11-24,3.98,3.98,3.82,3.86,7240.0
2015-11-25,3.98,3.98,3.85,3.98,1570.0
2015-11-26,3.95,3.95,3.89,3.94,490.0
2015-11-27,3.94,3.94,3.78,3.8,37430.0
2015-11-30,3.83,3.83,3.7,3.8,6930.0
2015-12-01,3.91,3.91,3.61,3.61,47240.0
2015-12-02,3.74,3.74,3.53,3.58,9990.0
2015-12-03,3.72,3.72,3.61,3.69,290.0
2015-12-04,3.7,3.7,3.54,3.6,4290.0
2015-12-07,3.6,3.6,3.45,3.45,57830.0
2015-12-08,3.6,3.6,3.53,3.57,10660.0
2015-12-09,3.55,3.67,3.49,3.55,4019.9999999999995
2015-12-10,3.68,3.68,3.4,3.49,9950.0
2015-12-11,3.68,3.68,3.49,3.59,2680.0
2015-12-14,3.59,3.59,3.45,3.49,1170.0
2015-12-15,3.57,3.6,3.43,3.6,17530.0
2015-12-16,3.6,3.73,3.54,3.7,4920.0
2015-12-17,3.67,3.73,3.61,3.71,1960.0
2015-12-18,3.71,3.8,3.7,3.76,7910.0
2015-12-21,3.76,3.76,3.64,3.72,3160.0
2015-12-22,3.72,3.79,3.71,3.78,11800.0
2015-12-23,3.78,3.79,3.74,3.78,3640.0
2015-12-28,3.74,3.78,3.72,3.74,2780.0
2015-12-29,3.79,3.79,3.72,3.75,590.0
2015-12-30,3.75,3.78,3.75,3.77,50.0
2016-01-04,3.8,3.8,3.6,3.6,16960.0
2016-01-05,3.6,3.62,3.6,3.6,24380.0
2016-01-07,3.71,3.71,3.6,3.7,2170.0
2016-01-08,3.78,3.78,3.78,3.78,20.0
2016-01-11,3.78,3.78,3.66,3.78,3410.0
2016-01-12,3.78,3.78,3.66,3.78,170.0
2016-01-13,3.78,3.78,3.65,3.76,10510.0
2016-01-14,3.76,3.76,3.57,3.68,3640.0
2016-01-15,3.76,3.76,3.65,3.7,14240.0
2016-01-18,3.7,3.7,3.7,3.7,60.0
2016-01-19,3.69,3.69,3.56,3.65,1320.0
2016-01-20,3.65,3.65,3.51,3.51,19800.0
2016-01-21,3.55,3.55,3.48,3.49,31610.0
2016-01-22,3.7,3.7,3.53,3.55,19370.0
2016-01-25,3.66,3.66,3.57,3.66,70.0
2016-01-26,3.66,3.66,3.47,3.48,28330.0
2016-01-27,3.6,3.6,3.48,3.48,13600.0
2016-01-28,3.6,3.6,3.48,3.5,26830.0
2016-01-29,3.61,3.61,3.48,3.61,2080.0
2016-02-01,3.62,3.62,3.55,3.62,560.0
2016-02-02,3.62,3.62,3.62,3.62,50.0
2016-02-03,3.62,3.62,3.55,3.62,240.0
2016-02-04,3.62,3.62,3.62,3.62,720.0
2016-02-05,3.62,3.62,3.51,3.62,700.0
2016-02-08,3.62,3.62,3.55,3.62,90.0
2016-02-09,3.66,3.66,3.6,3.6,340.0
2016-02-10,3.59,3.59,3.59,3.59,50.0
2016-02-11,3.59,3.59,3.45,3.59,2250.0
2016-02-12,3.59,3.59,3.5,3.56,40.0
2016-02-15,3.59,3.59,3.55,3.59,60.0
2016-02-16,3.59,3.59,3.48,3.59,290.0
2016-02-17,3.59,3.59,3.5,3.59,450.0
2016-02-18,3.59,3.59,3.45,3.56,2820.0
2016-02-19,3.42,3.59,3.42,3.59,790.0
2016-02-22,3.59,3.59,3.51,3.51,770.0
2016-02-23,3.59,3.59,3.59,3.59,80.0
2016-02-24,3.59,3.59,3.59,3.59,60.0
2016-02-25,3.59,3.59,3.5,3.58,360.0
2016-02-26,3.59,3.59,3.51,3.58,510.0
2016-02-29,3.59,3.59,3.59,3.59,80.0
2016-03-01,3.59,3.59,3.5,3.56,940.0
2016-03-02,3.58,3.58,3.45,3.58,920.0
2016-03-03,3.58,3.65,3.52,3.65,1770.0
2016-03-04,3.65,3.65,3.55,3.55,660.0
2016-03-07,3.65,3.65,3.65,3.65,60.0
2016-03-08,3.65,3.7,3.63,3.7,5120.0
2016-03-09,3.7,3.7,3.6,3.67,8189.999999999999
2016-03-10,3.67,3.67,3.65,3.67,3320.0
2016-03-11,3.67,3.68,3.63,3.66,3850.0
2016-03-14,3.69,3.69,3.6,3.62,3830.0
2016-03-15,3.65,3.65,3.63,3.64,2110.0
2016-03-16,3.63,3.63,3.63,3.63,10.0
2016-03-17,3.63,3.63,3.56,3.63,1670.0
2016-03-18,3.99,4.0,3.73,3.79,41610.0
2016-03-21,3.85,3.85,3.69,3.76,6280.0
2016-03-22,3.79,3.79,3.75,3.76,1900.0
2016-03-23,3.79,3.79,3.72,3.79,790.0
2016-03-24,3.75,3.8,3.74,3.8,3380.0
2016-03-29,3.8,3.84,3.7,3.84,21010.0
2016-03-30,3.9,3.92,3.8,3.91,37710.0
2016-03-31,3.91,3.91,3.83,3.91,3200.0
2016-04-01,3.86,3.9,3.8,3.85,11290.0
2016-04-04,3.85,3.85,3.8,3.83,2700.0
2016-04-05,3.83,3.83,3.74,3.79,3890.0
2016-04-06,3.79,3.94,3.77,3.94,14260.0
2016-04-07,3.94,4.2,3.94,4.1,18670.0
2016-04-08,4.29,4.3,4.0,4.1,17230.0
2016-04-11,4.1,4.1,4.1,4.1,60.0
2016-04-12,4.08,4.08,4.03,4.07,2500.0
2016-04-13,4.07,4.1,3.85,3.99,14650.0
2016-04-14,3.95,4.09,3.95,4.09,17400.0
2016-04-15,4.05,4.05,3.95,4.04,1430.0
2016-04-18,4.09,4.09,3.98,4.06,300.0
2016-04-19,4.06,4.06,3.98,4.06,950.0
2016-04-20,4.04,4.04,3.98,3.98,250.0
2016-04-21,4.04,4.04,3.94,4.0,4570.0
2016-04-22,4.04,4.04,3.98,3.98,600.0
2016-04-25,4.06,4.06,3.98,4.05,480.0
2016-04-26,4.05,4.05,4.0,4.05,2330.0
2016-04-27,4.05,4.05,3.96,4.04,500.0
2016-04-28,4.04,4.04,4.04,4.04,30.0
2016-04-29,3.95,4.0,3.9,4.0,5620.0
2016-05-02,3.99,3.99,3.99,3.99,30.0
2016-05-04,4.04,4.04,3.85,4.04,3340.0
2016-05-05,3.99,3.99,3.81,3.91,1220.0
2016-05-06,3.9,3.9,3.8,3.9,1000.0
2016-05-09,3.92,3.96,3.88,3.88,90.0
2016-05-10,3.88,3.96,3.82,3.96,4860.0
2016-05-11,3.98,3.98,3.92,3.96,1010.0
2016-05-12,3.7,3.75,3.49,3.7,174580.0
2016-05-13,3.81,3.82,3.65,3.75,21080.0
2016-05-16,3.78,3.78,3.65,3.65,5360.0
2016-05-17,3.7,3.7,3.68,3.68,140.0
2016-05-18,3.66,3.77,3.61,3.72,9220.0
2016-05-19,3.73,3.73,3.68,3.68,430.0
2016-05-20,3.73,3.79,3.64,3.79,4120.0
2016-05-23,3.79,3.79,3.72,3.79,1310.0
2016-05-24,3.79,3.79,3.68,3.79,2810.0
2016-05-25,3.79,3.79,3.68,3.7,2980.0
2016-05-27,3.79,3.79,3.79,3.79,20.0
2016-05-30,3.83,3.83,3.83,3.83,260.0
2016-05-31,3.85,3.85,3.8,3.8,250.0
2016-06-01,3.82,3.82,3.7,3.71,4410.0
2016-06-02,3.85,3.85,3.85,3.85,0.0
2016-06-03,3.85,3.85,3.85,3.85,0.0
2016-06-06,3.85,3.85,3.71,3.73,390.0
2016-06-07,3.85,3.85,3.8,3.83,590.0
2016-06-08,3.71,3.79,3.71,3.74,1130.0
2016-06-09,3.79,3.79,3.77,3.77,50.0
2016-06-10,3.78,3.78,3.69,3.78,340.0
2016-06-13,3.78,3.78,3.78,3.78,10.0
2016-06-14,3.78,3.78,3.69,3.75,400.0
2016-06-15,3.68,3.75,3.67,3.75,1790.0
2016-06-16,3.76,3.76,3.64,3.7,1100.0
2016-06-17,3.7,3.7,3.6,3.64,1500.0
2016-06-20,3.68,3.68,3.63,3.68,850.0
2016-06-21,3.64,3.76,3.64,3.76,8240.0
2016-06-22,3.76,3.76,3.65,3.65,8150.0
2016-06-23,3.74,3.74,3.65,3.74,670.0
2016-06-24,3.64,3.64,3.5,3.6,12250.0
2016-06-27,3.74,3.74,3.6,3.6,350.0
2016-06-28,3.74,3.74,3.69,3.69,40.0
2016-06-29,3.74,3.74,3.74,3.74,650.0
2016-06-30,3.72,3.72,3.55,3.72,420.0
2016-07-01,3.72,3.72,3.6,3.66,420.0
2016-07-04,3.69,3.69,3.69,3.69,0.0
2016-07-05,3.69,3.69,3.69,3.69,0.0
2016-07-06,3.69,3.69,3.69,3.69,0.0
2016-07-07,3.69,3.69,3.69,3.69,0.0
2016-07-08,3.69,3.69,3.69,3.69,0.0
2016-07-11,3.69,3.69,3.68,3.69,250.0
2016-07-12,3.69,3.69,3.57,3.66,430.0
2016-07-13,3.72,3.72,3.69,3.69,200.0
2016-07-14,3.69,3.69,3.56,3.69,300.0
2016-07-15,3.74,3.74,3.7,3.7,50.0
2016-07-18,3.74,3.83,3.7,3.8,23340.0
2016-07-19,3.8,3.8,3.72,3.72,260.0
2016-07-20,3.78,3.78,3.72,3.72,1290.0
2016-07-21,3.69,3.72,3.69,3.72,110.0
2016-07-22,3.77,3.8,3.76,3.8,2340.0
2016-07-25,3.8,3.8,3.75,3.79,220.0
2016-07-26,3.79,3.79,3.65,3.7,4930.0
2016-07-27,3.78,3.78,3.65,3.66,770.0
2016-07-28,3.69,3.69,3.61,3.61,910.0
2016-07-29,3.58,3.58,3.58,3.58,1000.0
2016-08-01,3.68,3.75,3.68,3.75,1000.0
2016-08-02,3.78,3.79,3.78,3.79,3390.0
2016-08-03,3.8,3.82,3.78,3.79,3190.0
2016-08-04,3.78,3.78,3.7,3.78,1650.0
2016-08-05,3.67,3.67,3.6,3.6,1060.0
2016-08-08,3.6,3.76,3.52,3.61,3940.0
2016-08-09,3.6,3.6,3.55,3.6,50.0
2016-08-10,3.6,3.6,3.58,3.58,490.0
2016-08-11,3.6,3.6,3.52,3.59,540.0
2016-08-12,3.6,3.6,3.51,3.57,9950.0
2016-08-16,3.56,3.56,3.5,3.55,3440.0
2016-08-17,3.55,3.55,3.23,3.38,18360.0
2016-08-18,3.39,3.39,3.31,3.36,2640.0
2016-08-19,3.47,3.47,3.4,3.43,180.0
2016-08-22,3.49,3.49,3.43,3.43,440.0
2016-08-23,3.41,3.41,3.39,3.4,110.0
2016-08-24,3.6,3.6,3.34,3.36,3450.0
2016-08-25,3.5,3.5,3.31,3.31,820.0
2016-08-26,3.49,3.49,3.31,3.45,2460.0
2016-08-29,3.45,3.45,3.32,3.32,1410.0
2016-08-30,3.4,3.4,3.31,3.35,1150.0
2016-08-31,3.35,3.5,3.33,3.46,1380.0
2016-09-01,3.46,3.46,3.45,3.45,30.0
2016-09-02,3.45,3.45,3.45,3.45,20.0
2016-09-05,3.45,3.45,3.41,3.43,530.0
2016-09-06,3.43,3.6,3.28,3.6,910290.0
2016-09-07,3.59,3.59,3.4,3.59,7910.0
2016-09-08,3.59,3.59,3.59,3.59,20.0
2016-09-09,3.58,3.58,3.44,3.58,890.0
2016-09-12,3.58,3.58,3.53,3.56,410.0
2016-09-13,3.56,3.58,3.48,3.58,3930.0
2016-09-14,3.58,3.76,3.5,3.65,256410.00000000003
2016-09-15,3.7,3.7,3.63,3.65,130.0
2016-09-16,3.78,3.78,3.6,3.66,1650.0
2016-09-19,3.66,3.72,3.6,3.65,2960.0
2016-09-20,3.7,3.7,3.45,3.5,9030.0
2016-09-21,3.6,3.6,3.36,3.45,8980.0
2016-09-22,3.6,3.6,3.37,3.58,3120.0
2016-09-23,3.6,3.6,3.28,3.28,22900.0
2016-09-26,3.27,3.31,3.25,3.25,4640.0
2016-09-27,3.27,3.27,3.21,3.21,1540.0
2016-09-28,3.21,3.25,3.2,3.25,920.0
2016-09-29,3.25,3.25,3.15,3.18,5970.0
2016-09-30,3.05,3.2,3.05,3.2,6970.0
2016-10-03,3.19,3.19,3.13,3.19,350.0
2016-10-04,3.19,3.35,3.19,3.35,9960.0
2016-10-05,3.4,3.43,3.28,3.38,1940.0
2016-10-06,3.39,3.39,3.28,3.28,7160.0
2016-10-07,3.39,3.39,3.19,3.23,480.0
2016-10-10,3.3,3.3,3.11,3.19,3730.0
2016-10-11,3.28,3.28,3.12,3.28,480.0
2016-10-12,3.28,3.28,3.17,3.17,300.0
2016-10-13,3.2,3.26,3.2,3.26,290.0
2016-10-14,3.28,3.28,3.17,3.28,1210.0
2016-10-17,3.28,3.28,3.15,3.2,600.0
2016-10-18,3.28,3.28,3.16,3.19,3130.0
2016-10-19,3.2,3.2,3.17,3.2,1630.0
2016-10-20,3.2,3.2,3.17,3.2,1420.0
2016-10-21,3.2,3.2,3.2,3.2,6090.0
2016-10-24,3.27,3.27,3.18,3.25,480.0
2016-10-25,3.28,3.3,3.18,3.2,11790.0
2016-10-26,3.3,3.3,3.18,3.18,870.0
2016-10-27,3.18,3.28,3.18,3.28,440.0
2016-10-28,3.28,3.28,3.27,3.27,190.0
2016-10-31,3.3,3.3,3.17,3.27,3570.0
2016-11-02,3.27,3.27,3.15,3.19,4210.0
2016-11-03,3.27,3.27,3.12,3.2,1960.0
2016-11-04,3.2,3.2,3.11,3.2,1060.0
2016-11-07,3.2,3.2,3.12,3.2,1220.0
2016-11-08,3.2,3.2,3.1,3.19,1500.0
2016-11-09,3.17,3.17,3.07,3.17,40.0
2016-11-10,3.17,3.17,3.07,3.13,170.0
2016-11-14,3.13,3.13,3.0,3.09,71960.0
2016-11-15,3.18,3.18,2.94,3.0,6740.0
2016-11-16,3.18,3.18,2.85,2.86,4300.0
2016-11-17,3.06,3.06,3.06,3.06,10.0
2016-11-18,3.02,3.02,2.76,2.98,361500.0
2016-11-21,3.03,3.03,3.03,3.03,10.0
2016-11-22,3.0,3.0,2.78,2.82,2630.0
2016-11-23,3.02,3.02,2.97,3.01,900.0
2016-11-24,2.99,3.03,2.99,3.03,4840.0
2016-11-25,3.09,3.09,3.0,3.08,9480.0
2016-11-28,3.0,3.06,3.0,3.0,4490.0
2016-11-29,3.05,3.05,3.02,3.02,20.0
2016-11-30,3.02,3.02,3.0,3.02,1290.0
2016-12-01,3.02,3.02,2.88,2.88,4420.0
2016-12-02,3.0,3.0,2.88,2.88,1010.0
2016-12-05,3.0,3.0,2.85,2.86,830.0
2016-12-06,2.99,2.99,2.86,2.87,160.0
2016-12-07,3.0,3.0,2.86,2.98,3470.0
2016-12-08,2.98,2.98,2.86,2.87,590.0
2016-12-09,2.98,2.98,2.74,2.78,14780.0
2016-12-12,2.96,2.96,2.75,2.94,5450.0
2016-12-13,2.94,2.94,2.74,2.89,14770.0
2016-12-14,2.89,2.9,2.86,2.9,1690.0
2016-12-15,2.9,2.94,2.87,2.94,1000.0
2016-12-16,2.94,2.94,2.94,2.94,50.0
2016-12-19,2.94,2.94,2.78,2.94,1310.0
2016-12-20,2.94,2.94,2.81,2.94,630.0
2016-12-21,2.94,2.96,2.94,2.96,170.0
2016-12-22,2.84,2.95,2.84,2.89,1490.0
2016-12-23,2.89,2.94,2.89,2.94,2009.9999999999998
2016-12-27,2.95,2.95,2.84,2.88,2520.0
2016-12-28,2.88,2.88,2.74,2.76,2430.0
2016-12-29,2.8,2.8,2.79,2.8,450.0
2016-12-30,2.8,2.88,2.77,2.87,980.0
2017-01-02,2.87,2.88,2.76,2.88,1370.0
2017-01-03,2.88,2.88,2.87,2.88,840.0
2017-01-04,2.88,3.1,2.83,3.05,12500.0
2017-01-05,3.05,3.09,3.0,3.09,11250.0
2017-01-09,3.1,3.1,3.1,3.1,40.0
2017-01-10,3.1,3.16,3.1,3.16,10380.0
2017-01-11,3.16,3.16,3.16,3.16,90.0
2017-01-12,3.16,3.16,3.11,3.16,530.0
2017-01-13,3.15,3.15,3.11,3.15,590.0
2017-01-16,3.15,3.15,3.1,3.1,3560.0
2017-01-17,3.14,3.14,3.13,3.13,40.0
2017-01-18,3.11,3.11,3.03,3.06,2630.0
2017-01-19,3.11,3.11,2.99,3.09,1500.0
2017-01-20,3.09,3.09,3.09,3.09,30.0
2017-01-23,3.04,3.09,2.93,2.95,5980.0
2017-01-24,2.95,2.99,2.91,2.99,3050.0
2017-01-25,2.99,3.01,2.97,3.01,1310.0
2017-01-26,3.01,3.04,3.01,3.04,210.0
2017-01-27,3.08,3.14,2.99,3.04,2980.0
2017-01-30,3.14,3.14,2.95,3.08,11500.0
2017-01-31,3.12,3.27,3.0,3.23,14640.0
2017-02-01,3.2,3.26,3.06,3.26,12390.0
2017-02-02,3.24,3.24,3.12,3.23,880.0
2017-02-03,3.19,3.19,3.18,3.18,90.0
2017-02-06,3.1,3.18,3.1,3.18,810.0
2017-02-07,3.18,3.18,3.18,3.18,0.0
2017-02-08,3.22,3.22,3.22,3.22,0.0
2017-02-09,3.26,3.26,3.08,3.2,5000.0
2017-02-10,3.2,3.2,3.16,3.19,5370.0
2017-02-13,3.18,3.18,3.15,3.17,4080.0
2017-02-14,3.17,3.17,3.09,3.14,7200.0
2017-02-15,3.15,3.19,3.15,3.19,3680.0
2017-02-16,3.19,3.19,3.13,3.13,1620.0
2017-02-17,3.17,3.18,3.17,3.18,620.0
2017-02-20,3.2,3.2,3.2,3.2,210.0
2017-02-21,3.2,3.2,3.09,3.15,350.0
2017-02-22,3.15,3.15,3.09,3.15,13040.0
2017-02-23,3.1,3.2,3.05,3.2,16180.0
2017-02-24,3.2,3.2,3.05,3.18,1930.0
2017-02-27,3.19,3.19,3.18,3.19,360.0
2017-02-28,3.19,3.19,3.1,3.19,2740.0
2017-03-01,3.2,3.2,3.15,3.18,470.0
2017-03-02,3.2,3.2,3.19,3.19,120.0
2017-03-03,3.19,3.19,3.18,3.18,4150.0
2017-03-06,3.2,3.2,3.07,3.2,540.0
2017-03-07,3.2,3.2,3.18,3.18,2360.0
2017-03-08,3.18,3.18,3.17,3.18,650.0
2017-03-09,3.18,3.18,3.18,3.18,40.0
2017-03-10,3.18,3.18,3.03,3.03,3190.0
2017-03-13,3.01,3.09,2.96,3.09,8150.0
2017-03-14,3.14,3.14,3.14,3.14,0.0
2017-03-15,3.14,3.14,3.14,3.14,0.0
2017-03-16,3.14,3.14,3.0,3.08,2420.0
2017-03-17,3.06,3.06,3.0,3.03,2000.0
2017-03-20,3.03,3.03,2.95,3.03,930.0
2017-03-21,3.03,3.03,3.03,3.03,30.0
2017-03-22,3.1,3.1,2.89,2.89,3050.0
2017-03-23,3.1,3.1,2.8,2.8,8620.0
2017-03-24,3.01,3.01,2.77,2.79,370.0
2017-03-27,3.01,3.01,2.83,2.83,590.0
2017-03-28,3.0,3.0,3.0,3.0,0.0
2017-03-29,3.0,3.01,2.75,3.01,6340.0
2017-03-30,3.01,3.01,2.83,3.0,370.0
2017-03-31,3.0,3.0,2.82,2.99,1350.0
2017-04-03,2.98,2.98,2.76,2.8,3230.0
2017-04-04,2.8,2.98,2.8,2.95,830.0
2017-04-05,2.95,2.99,2.9,2.99,9770.0
2017-04-06,2.95,3.01,2.95,3.0,3600.0
2017-04-07,3.0,3.0,2.98,2.98,500.0
2017-04-10,2.89,2.98,2.89,2.98,750.0
2017-04-11,2.98,2.98,2.98,2.98,380.0
2017-04-12,2.98,2.98,2.9,2.98,320.0
2017-04-13,2.98,2.98,2.98,2.98,70.0
2017-04-18,2.98,2.98,2.98,2.98,20.0
2017-04-19,2.98,2.98,2.98,2.98,40.0
2017-04-20,2.98,2.98,2.96,2.97,940.0
2017-04-21,2.98,2.98,2.98,2.98,30.0
2017-04-24,3.0,3.0,2.9,3.0,410.0
2017-04-25,3.0,3.0,2.98,2.98,40.0
2017-04-26,2.9,3.0,2.9,2.95,9090.0
2017-04-27,3.0,3.0,2.99,2.99,20.0
2017-04-28,3.0,3.0,2.99,2.99,0.0
2017-05-02,3.0,3.0,3.0,3.0,40.0
2017-05-04,3.0,3.0,2.98,2.98,20.0
2017-05-05,3.0,3.0,2.89,2.95,3410.0
2017-05-08,3.0,3.0,2.89,2.95,2160.0
2017-05-09,3.0,3.0,2.85,3.0,880.0
2017-05-10,2.98,2.98,2.93,2.93,30.0
2017-05-11,2.83,3.0,2.83,2.97,3430.0
2017-05-12,3.04,3.04,2.82,2.9,3970.0
2017-05-15,2.9,2.9,2.81,2.89,20.0
2017-05-16,2.9,2.9,2.9,2.9,0.0
2017-05-17,2.9,2.9,2.76,2.76,2400.0
2017-05-18,2.85,2.85,2.71,2.76,1270.0
2017-05-19,2.7,2.76,2.7,2.76,800.0
2017-05-22,2.75,2.75,2.75,2.75,200.0
2017-05-23,2.75,2.75,2.75,2.75,10.0
2017-05-24,2.75,2.75,2.69,2.7,1100.0
2017-05-25,2.7,2.7,2.43,2.7,12760.0
2017-05-26,2.7,2.7,2.52,2.53,4090.0
2017-05-29,2.55,2.55,2.4,2.5,13270.0
2017-05-30,2.6,2.7,2.45,2.7,1590.0
2017-05-31,2.69,2.69,2.6,2.68,360.0
2017-06-01,2.68,2.68,2.53,2.53,780.0
2017-06-02,2.68,2.68,2.68,2.68,0.0
2017-06-05,2.6,2.68,2.6,2.68,690.0
2017-06-06,2.68,2.68,2.67,2.67,250.0
2017-06-07,2.67,2.67,2.56,2.67,670.0
2017-06-08,2.67,2.67,2.67,2.67,10.0
2017-06-09,2.69,2.69,2.67,2.67,490.0
2017-06-12,2.68,2.68,2.6,2.68,390.0
2017-06-13,2.68,2.8,2.68,2.68,5800.0
2017-06-14,2.8,2.8,2.8,2.8,10.0
2017-06-16,2.79,2.79,2.79,2.79,0.0
2017-06-19,2.8,2.8,2.63,2.65,440.0
2017-06-20,2.6,2.7,2.55,2.7,15440.0
2017-06-21,2.7,2.86,2.7,2.79,4620.0
2017-06-22,2.87,2.87,2.7,2.86,3870.0
2017-06-23,2.86,2.86,2.8,2.86,1110.0
2017-06-26,2.84,2.84,2.73,2.8,600.0
2017-06-27,2.8,2.8,2.8,2.8,60.0
2017-06-28,2.8,2.8,2.65,2.8,4059.9999999999995
2017-06-29,2.8,2.8,2.66,2.66,5990.0
2017-06-30,2.66,2.78,2.61,2.78,5310.0
2017-07-03,2.77,2.77,2.77,2.77,0.0
2017-07-04,2.77,2.77,2.77,2.77,0.0
2017-07-05,2.75,2.75,2.75,2.75,0.0
2017-07-06,2.77,2.77,2.77,2.77,0.0
2017-07-07,2.77,2.77,2.77,2.77,0.0
2017-07-10,2.77,2.77,2.77,2.77,0.0
2017-07-11,2.77,2.77,2.77,2.77,0.0
2017-07-12,2.77,2.77,2.77,2.77,0.0
2017-07-13,2.77,2.77,2.7,2.73,3730.0
2017-07-14,2.77,2.77,2.6,2.6,4160.0
2017-07-17,2.6,2.6,2.55,2.55,2890.0
2017-07-18,2.77,2.77,2.51,2.67,3080.0
2017-07-19,2.54,2.7,2.54,2.69,430.0
2017-07-20,2.69,2.69,2.59,2.69,190.0
2017-07-21,2.7,2.87,2.7,2.84,6400.0
2017-07-24,2.87,2.87,2.87,2.87,40.0
2017-07-25,2.87,2.87,2.59,2.59,3650.0
2017-07-26,2.61,2.62,2.51,2.51,2170.0
2017-07-27,2.51,2.6,2.4,2.45,2420.0
2017-07-28,2.4,2.49,2.31,2.4,61870.0
2017-07-31,2.32,2.48,2.32,2.48,4780.0
2017-08-01,2.41,2.48,2.32,2.46,3530.0
2017-08-02,2.36,2.48,2.36,2.4,1110.0
2017-08-03,2.32,2.5,2.32,2.5,650.0
2017-08-04,2.32,2.53,2.32,2.32,10860.0
2017-08-07,2.32,2.45,2.32,2.32,1620.0
2017-08-08,2.33,2.55,2.32,2.49,4260.0
2017-08-09,2.3,2.51,2.3,2.39,5100.0
2017-08-10,2.31,2.51,2.31,2.4,540.0
2017-08-11,2.31,2.4,2.31,2.4,440.0
2017-08-14,2.31,2.48,2.31,2.4,570.0
2017-08-16,2.39,2.48,2.3,2.38,2230.0
2017-08-17,2.31,2.48,2.31,2.48,530.0
2017-08-18,2.31,2.51,2.31,2.33,5460.0
2017-08-21,2.32,2.45,2.3,2.45,3920.0
2017-08-22,2.32,2.51,2.32,2.46,15380.0
2017-08-23,2.34,2.47,2.34,2.47,22710.0
2017-08-24,2.45,2.45,2.34,2.37,700.0
2017-08-25,2.43,2.43,2.06,2.06,14400.0
2017-08-28,2.09,2.26,2.03,2.22,107450.0
2017-08-29,2.07,2.18,2.07,2.17,103370.0
2017-08-30,2.08,2.17,2.07,2.17,13270.0
2017-08-31,2.21,2.38,2.19,2.28,8950.0
2017-09-01,2.37,2.4,2.21,2.26,6270.0
2017-09-04,2.3,2.31,2.3,2.3,1670.0
2017-09-05,2.3,2.37,2.25,2.25,6850.0
2017-09-06,2.37,2.37,2.25,2.31,8310.0
2017-09-07,2.37,2.37,2.25,2.26,880.0
2017-09-08,2.37,2.37,2.1,2.25,126280.0
2017-09-11,2.29,2.29,2.25,2.25,1150.0
2017-09-12,2.29,2.29,2.28,2.28,910.0
2017-09-13,2.29,2.29,2.08,2.29,228440.0
2017-09-14,2.29,2.4,2.29,2.4,6540.0
2017-09-15,2.4,2.4,2.2,2.39,650.0
2017-09-18,2.4,2.4,2.4,2.4,240.0
2017-09-19,2.4,2.4,2.4,2.4,0.0
2017-09-20,2.39,2.39,2.26,2.26,3110.0
2017-09-21,2.4,2.4,2.25,2.26,1070.0
2017-09-22,2.25,2.3,2.25,2.3,2940.0
2017-09-25,2.22,2.3,2.22,2.3,12240.0
2017-09-26,2.4,2.4,2.25,2.3,5870.0
2017-09-27,2.4,2.4,2.26,2.39,1910.0
2017-09-28,2.39,2.39,2.25,2.34,80.0
2017-09-29,2.34,2.34,2.25,2.25,5990.0
2017-10-02,2.15,2.32,2.1,2.1,96490.0
2017-10-03,2.08,2.28,2.08,2.25,7270.0
2017-10-04,2.35,2.38,2.18,2.38,10580.0
2017-10-05,2.39,2.44,2.29,2.3,35070.0
2017-10-06,2.43,2.43,2.24,2.34,1500.0
2017-10-09,2.45,2.45,2.28,2.3,4160.0
2017-10-10,2.35,2.35,2.25,2.33,19890.0
2017-10-11,2.35,2.35,2.28,2.31,3200.0
2017-10-12,2.31,2.35,2.3,2.35,9350.0
2017-10-13,2.4,2.4,2.32,2.39,5130.0
2017-10-16,2.36,2.39,2.34,2.39,3230.0
2017-10-17,2.38,2.38,2.38,2.38,240.0
2017-10-18,2.38,2.38,2.38,2.38,10.0
2017-10-19,2.45,2.45,2.25,2.31,3980.0
2017-10-20,2.39,2.39,2.3,2.32,8280.0
2017-10-23,2.39,2.39,2.16,2.24,7020.0
2017-10-24,2.24,2.24,2.1,2.1,1600.0
2017-10-25,2.2,2.2,2.1,2.12,11870.0
2017-10-26,2.2,2.2,2.15,2.2,20.0
2017-10-27,2.25,2.25,2.25,2.25,0.0
2017-10-30,2.2,2.25,2.2,2.25,25770.0
2017-10-31,2.25,2.25,2.15,2.24,660.0
2017-11-02,2.25,2.31,2.21,2.31,18330.0
2017-11-03,2.35,2.35,2.35,2.35,430.0
2017-11-06,2.27,2.36,2.27,2.36,11140.0
2017-11-07,2.36,2.36,2.27,2.28,950.0
2017-11-08,2.36,2.37,2.35,2.35,2020.0
2017-11-09,2.37,2.38,2.25,2.35,17910.0
2017-11-10,2.35,2.35,2.25,2.35,7730.0
2017-11-13,2.34,2.34,2.34,2.34,70.0
2017-11-14,2.33,2.35,2.33,2.35,70.0
2017-11-15,2.35,2.35,2.35,2.35,80.0
2017-11-16,2.35,2.35,2.35,2.35,70.0
2017-11-17,2.3,2.3,2.3,2.3,250.0
2017-11-20,2.3,2.3,2.25,2.3,6610.0
2017-11-21,2.3,2.3,2.26,2.28,1080.0
2017-11-22,2.26,2.35,2.26,2.33,15880.0
2017-11-23,2.3,2.35,2.3,2.35,2210.0
2017-11-24,2.35,2.35,2.27,2.3,790.0
2017-11-27,2.3,2.3,2.29,2.3,360.0
2017-11-28,2.3,2.3,2.25,2.3,2160.0
2017-11-29,2.3,2.3,2.3,2.3,40.0
2017-11-30,2.3,2.3,2.3,2.3,40.0
2017-12-01,2.3,2.3,2.18,2.3,3780.0
2017-12-04,2.3,2.3,2.3,2.3,170.0
2017-12-05,2.3,2.3,2.3,2.3,150.0
2017-12-06,2.3,2.3,2.1,2.2,18050.0
2017-12-07,2.26,2.26,2.2,2.2,460.0
2017-12-08,2.19,2.19,2.11,2.11,890.0
2017-12-11,2.19,2.19,2.1,2.19,3040.0
2017-12-12,2.17,2.19,2.1,2.11,6840.0
2017-12-13,2.17,2.17,2.11,2.14,1860.0
2017-12-14,2.15,2.15,2.09,2.14,370.0
2017-12-15,2.14,2.14,2.09,2.14,1070.0
2017-12-18,2.08,2.14,2.08,2.14,1010.0
2017-12-19,2.13,2.13,2.13,2.13,0.0
2017-12-20,2.13,2.15,2.05,2.07,20440.0
2017-12-21,2.13,2.13,2.05,2.12,1230.0
2017-12-22,2.03,2.11,2.03,2.11,300.0
2017-12-27,2.04,2.13,2.02,2.08,74140.0
2017-12-28,2.08,2.08,2.08,2.08,160.0
2017-12-29,2.1,2.1,2.04,2.1,1260.0
2018-01-03,1.9,2.04,1.9,2.01,5280.0
2018-01-04,2.12,2.12,2.04,2.12,4330.0
2018-01-05,2.12,2.12,1.96,2.01,8360.0
2018-01-08,2.0,2.12,2.0,2.12,940.0
2018-01-09,2.12,2.12,2.12,2.12,20.0
2018-01-10,2.12,2.17,2.06,2.16,5650.0
2018-01-11,2.15,2.15,2.02,2.08,4680.0
2018-01-12,2.16,2.16,2.16,2.16,0.0
2018-01-15,2.16,2.16,2.02,2.05,6290.0
2018-01-16,2.08,2.16,2.03,2.16,570.0
2018-01-17,2.14,2.14,2.06,2.1,790.0
2018-01-18,2.12,2.12,2.02,2.07,3510.0
2018-01-19,2.06,2.06,2.02,2.02,2100.0
2018-01-22,2.05,2.06,2.03,2.06,1620.0
2018-01-23,2.06,2.06,2.06,2.06,40.0
2018-01-24,2.02,2.02,1.82,1.9,53070.0
2018-01-25,1.96,1.96,1.87,1.94,260.0
2018-01-26,1.96,1.96,1.96,1.96,0.0
2018-01-29,1.96,1.96,1.94,1.94,1070.0
2018-01-30,1.95,1.95,1.86,1.9,6020.0
2018-01-31,1.9,1.9,1.77,1.88,5090.0
2018-02-01,1.88,1.88,1.7,1.83,7190.0
2018-02-02,1.88,1.88,1.83,1.83,430.0
2018-02-05,1.89,1.89,1.71,1.79,3450.0
2018-02-06,1.71,1.85,1.71,1.77,2240.0
2018-02-07,1.78,1.78,1.78,1.78,0.0
2018-02-08,1.78,1.78,1.76,1.76,2210.0
2018-02-09,1.77,1.77,1.76,1.77,600.0
2018-02-12,1.77,1.77,1.77,1.77,10.0
2018-02-13,1.77,1.77,1.77,1.77,40.0
2018-02-14,1.77,1.77,1.77,1.77,610.0
2018-02-15,1.77,1.78,1.77,1.78,8500.0
2018-02-16,1.79,1.88,1.79,1.83,2750.0
2018-02-19,1.89,1.89,1.65,1.7,21450.0
2018-02-20,1.63,1.73,1.57,1.69,8890.0
2018-02-21,1.77,1.77,1.77,1.77,330.0
2018-02-22,1.66,1.79,1.66,1.79,1170.0
2018-02-23,1.78,1.78,1.72,1.72,940.0
2018-02-26,1.72,1.8,1.58,1.64,11700.0
2018-02-27,1.75,1.75,1.62,1.62,2810.0
2018-02-28,1.71,1.71,1.54,1.7,16230.0
2018-03-01,1.56,1.67,1.56,1.61,1880.0
2018-03-02,1.61,1.67,1.61,1.67,1500.0
2018-03-05,1.67,1.67,1.59,1.59,70.0
2018-03-06,1.59,1.68,1.59,1.68,2640.0
2018-03-07,1.73,1.73,1.61,1.65,280.0
2018-03-08,1.67,1.67,1.64,1.65,630.0
2018-03-09,1.66,1.68,1.58,1.68,190.0
2018-03-13,1.66,1.66,1.63,1.63,2210.0
2018-03-14,1.66,1.68,1.66,1.68,6320.0
2018-03-15,1.66,1.82,1.66,1.7,1910.0
2018-03-16,1.75,1.8,1.66,1.8,640.0
2018-03-19,1.7,1.7,1.61,1.67,5000.0
2018-03-20,1.67,1.67,1.67,1.67,650.0
2018-03-21,1.61,1.76,1.61,1.76,420.0
2018-03-22,1.76,1.76,1.65,1.65,25090.0
2018-03-23,1.76,1.76,1.65,1.7,520.0
2018-03-26,1.76,1.76,1.67,1.67,1010.0
2018-03-27,1.67,1.67,1.67,1.67,20.0
2018-03-28,1.67,1.67,1.67,1.67,10.0
2018-03-29,1.67,1.7,1.67,1.67,1460.0
2018-04-03,1.61,1.7,1.61,1.7,1400.0
2018-04-04,1.69,1.76,1.69,1.75,5670.0
2018-04-05,1.76,1.76,1.75,1.75,70.0
2018-04-06,1.75,1.75,1.74,1.74,670.0
2018-04-09,1.75,1.75,1.75,1.75,10.0
2018-04-10,1.75,1.75,1.61,1.61,14430.0
2018-04-11,1.61,1.65,1.61,1.65,610.0
2018-04-12,1.75,1.75,1.65,1.74,720.0
2018-04-13,1.74,1.74,1.74,1.74,0.0
2018-04-16,1.74,1.74,1.74,1.74,30.0
2018-04-17,1.67,1.67,1.67,1.67,50.0
2018-04-18,1.67,1.67,1.63,1.67,180.0
2018-04-19,1.67,1.67,1.67,1.67,80.0
2018-04-20,1.67,1.67,1.67,1.67,40.0
2018-04-23,1.67,1.67,1.67,1.67,550.0
2018-04-24,1.74,1.74,1.64,1.67,680.0
2018-04-25,1.67,1.67,1.64,1.64,350.0
2018-04-26,1.64,1.64,1.64,1.64,240.0
2018-04-27,1.64,1.64,1.64,1.64,0.0
2018-04-30,1.64,1.64,1.64,1.64,20.0
2018-05-02,1.61,1.64,1.61,1.64,970.0
2018-05-04,1.63,1.63,1.63,1.63,0.0
2018-05-07,1.63,1.63,1.63,1.63,530.0
2018-05-08,1.61,1.7,1.61,1.7,11030.0
2018-05-09,1.72,1.73,1.72,1.73,750.0
2018-05-10,1.73,1.73,1.72,1.72,40.0
2018-05-11,1.72,1.72,1.71,1.71,120.0
2018-05-14,1.72,1.72,1.72,1.72,30.0
2018-05-15,1.72,1.72,1.71,1.71,20.0
2018-05-16,1.7,1.7,1.62,1.7,170.0
2018-05-17,1.71,1.71,1.69,1.7,730.0
2018-05-18,1.69,1.72,1.69,1.7,970.0
2018-05-21,1.72,1.72,1.72,1.72,50.0
2018-05-22,1.72,1.72,1.7,1.7,110.0
2018-05-23,1.7,1.7,1.7,1.7,50.0
2018-05-24,1.7,1.7,1.62,1.7,1130.0
2018-05-25,1.7,1.7,1.7,1.7,50.0
2018-05-28,1.7,1.7,1.61,1.7,4430.0
2018-05-29,1.7,1.7,1.68,1.7,520.0
2018-05-30,1.67,1.67,1.58,1.6,1890.0
2018-06-01,1.6,1.6,1.53,1.59,2350.0
2018-06-04,1.59,1.59,1.59,1.59,30.0
2018-06-05,1.59,1.6,1.59,1.6,1550.0
2018-06-06,1.6,1.6,1.6,1.6,1330.0
2018-06-07,1.7,1.7,1.61,1.7,1880.0
2018-06-08,1.7,1.7,1.7,1.7,60.0
2018-06-11,1.7,1.7,1.7,1.7,50.0
2018-06-12,1.7,1.7,1.69,1.69,70.0
2018-06-13,1.69,1.69,1.64,1.64,210.0
2018-06-14,1.55,1.64,1.52,1.64,2620.0
2018-06-15,1.51,1.57,1.49,1.5,4110.0
2018-06-18,1.5,1.57,1.49,1.57,1860.0
2018-06-19,1.57,1.57,1.49,1.54,1150.0
2018-06-20,1.56,1.56,1.45,1.48,2150.0
2018-06-21,1.54,1.54,1.45,1.54,610.0
2018-06-25,1.64,1.64,1.64,1.64,40.0
2018-06-26,1.64,1.64,1.51,1.51,490.0
2018-06-27,1.64,1.64,1.42,1.47,6340.0
2018-07-02,1.41,1.41,1.41,1.41,30.0
2018-07-03,1.46,1.46,1.46,1.46,710.0
2018-07-04,1.49,1.49,1.49,1.49,10.0
2018-07-13,1.5,1.5,1.4,1.45,6010.0
2018-07-16,1.49,1.49,1.44,1.46,2009.9999999999998
2018-07-17,1.46,1.46,1.44,1.44,870.0
2018-07-18,1.48,1.48,1.45,1.48,2050.0
2018-07-19,1.48,1.48,1.37,1.48,1030.0
2018-07-20,1.48,1.48,1.37,1.44,3770.0
2018-07-23,1.44,1.44,1.44,1.44,30.0
2018-07-24,1.4,1.44,1.4,1.44,120.0
2018-07-25,1.44,1.44,1.44,1.44,60.0
2018-07-26,1.44,1.48,1.44,1.48,2280.0
2018-07-27,1.48,1.49,1.47,1.49,970.0
2018-08-07,1.63,1.63,1.54,1.54,1400.0
2018-08-08,1.68,1.68,1.61,1.61,420.0
2018-08-09,1.68,1.68,1.51,1.59,60.0
2018-08-10,1.67,1.67,1.51,1.51,5670.0
2018-08-13,1.5,1.5,1.5,1.5,320.0
2018-08-14,1.53,1.53,1.48,1.48,100.0
2018-08-16,1.48,1.55,1.48,1.55,30.0
2018-08-20,1.55,1.55,1.55,1.55,10.0
2018-08-22,1.66,1.66,1.5,1.5,2140.0
2018-08-23,1.5,1.5,1.5,1.5,80.0
2018-08-24,1.5,1.5,1.5,1.5,10.0
2018-08-27,1.5,1.5,1.5,1.5,110.0
2018-08-28,1.5,1.65,1.49,1.49,1150.0
2018-08-29,1.46,1.51,1.46,1.51,40.0
2018-08-30,1.65,1.65,1.65,1.65,10.0
2018-08-31,1.65,1.65,1.65,1.65,30.0
2018-09-03,1.66,1.66,1.65,1.65,30.0
2018-09-04,1.65,1.65,1.65,1.65,30.0
2018-09-05,1.65,1.65,1.65,1.65,20.0
2018-09-06,1.65,1.65,1.65,1.65,0.0
2018-09-07,1.65,1.65,1.65,1.65,0.0
2018-09-10,1.65,1.65,1.65,1.65,10.0
2018-09-11,1.65,1.65,1.65,1.65,20.0
2018-09-12,1.65,1.65,1.44,1.48,3040.0
2018-09-13,1.42,1.48,1.37,1.48,4350.0
2018-09-14,1.48,1.48,1.36,1.4,1320.0
2018-09-17,1.33,1.33,1.33,1.33,7220.0
2018-09-18,1.29,1.4,1.29,1.37,1350.0
2018-09-19,1.37,1.37,1.25,1.34,511620.0
2018-09-20,1.36,1.36,1.34,1.34,6520.0
2018-09-21,1.4,1.4,1.38,1.4,73650.0
2018-09-24,1.4,1.67,1.39,1.67,63150.0
2018-09-25,1.67,1.73,1.64,1.64,5170.0
2018-09-26,1.63,1.63,1.47,1.48,4720.0
2018-09-27,1.48,1.54,1.45,1.54,16560.0
2018-09-28,1.54,1.54,1.45,1.47,11510.0
2018-10-01,1.54,1.54,1.48,1.54,120.0
2018-10-02,1.54,1.56,1.48,1.56,340.0
2018-10-03,1.58,1.58,1.43,1.45,1120.0
2018-10-04,1.45,1.45,1.39,1.44,1330.0
2018-10-05,1.4,1.45,1.4,1.45,1230.0
2018-10-08,1.45,1.45,1.31,1.45,400.0
2018-10-09,1.45,1.45,1.4,1.45,830.0
2018-10-10,1.39,1.39,1.39,1.39,140.0
2018-10-11,1.39,1.39,1.3,1.3,6880.0
2018-10-12,1.3,1.4,1.22,1.37,2060.0
2018-10-15,1.37,1.4,1.37,1.37,1030.0
2018-10-16,1.45,1.45,1.18,1.25,19550.0
2018-10-17,1.23,1.23,1.15,1.19,4400.0
2018-10-18,1.25,1.25,1.15,1.24,6810.0
2018-10-19,1.24,1.24,1.21,1.24,240.0
2018-10-22,1.24,1.24,1.24,1.24,10.0
2018-10-23,1.2,1.2,1.17,1.2,600.0
2018-10-24,1.2,1.2,1.17,1.2,1460.0
2018-10-25,1.2,1.2,1.2,1.2,50.0
2018-10-26,1.2,1.2,1.2,1.2,60.0
2018-10-29,1.2,1.2,1.08,1.2,1270.0
2018-10-30,1.2,1.2,1.0,1.07,3730.0
2018-10-31,1.16,1.16,1.14,1.16,330.0
2018-11-02,1.16,1.16,1.16,1.16,20.0
2018-11-05,1.16,1.16,1.14,1.16,1150.0
2018-11-06,1.16,1.16,1.14,1.16,1060.0
2018-11-07,1.16,1.16,1.14,1.16,6610.0
2018-11-08,1.16,1.16,1.14,1.16,800.0
2018-11-09,1.16,1.16,1.16,1.16,10.0
2018-11-13,1.16,1.16,1.16,1.16,40.0
2018-11-14,1.16,1.16,1.14,1.14,40.0
2018-11-15,1.15,1.15,1.15,1.15,60.0
2018-11-16,1.04,1.04,1.04,1.04,2740.0
2018-11-19,1.09,1.09,1.03,1.08,11970.0
2018-11-20,1.05,1.05,1.04,1.04,130.0
2018-11-21,1.04,1.14,1.02,1.09,2470.0
2018-11-22,1.04,1.12,1.04,1.12,510.0
2018-11-23,1.08,1.12,1.06,1.12,25370.0
2018-11-26,1.12,1.12,1.01,1.1,990.0
2018-11-27,1.12,1.16,1.1,1.16,58320.0
2018-11-28,1.18,1.18,1.18,1.18,50.0
2018-11-29,1.18,1.18,1.18,1.18,50.0
2018-11-30,1.17,1.17,1.17,1.17,1060.0
2018-12-03,1.17,1.19,1.1,1.19,1920.0
2018-12-04,1.19,1.19,1.14,1.16,6830.0
2018-12-05,1.16,1.16,1.1,1.1,11310.0
2018-12-06,1.1,1.13,1.1,1.1,910.0
2018-12-07,1.1,1.16,1.06,1.16,2340.0
2018-12-10,1.15,1.15,1.15,1.15,0.0
2018-12-11,1.09,1.09,1.05,1.09,2170.0
2018-12-12,1.09,1.15,1.08,1.09,26070.0
2018-12-13,1.16,1.16,1.1,1.15,2320.0
2018-12-14,1.15,1.15,1.1,1.1,1040.0
2018-12-17,1.1,1.14,1.1,1.1,4110.0
2018-12-18,1.15,1.15,1.09,1.1,2250.0
2018-12-19,1.1,1.14,1.07,1.1,28930.0
2018-12-20,1.12,1.12,1.05,1.09,26600.0
2018-12-21,1.1,1.1,1.06,1.06,13300.0
2018-12-27,1.05,1.14,1.05,1.14,620.0
2018-12-28,1.14,1.14,1.05,1.1,9170.0
2019-01-02,1.14,1.14,1.1,1.14,7100.0
2019-01-03,1.15,1.15,1.09,1.15,128330.00000000001
2019-01-04,1.15,1.26,1.15,1.24,31920.0
2019-01-07,1.25,1.25,1.2,1.2,7040.0
2019-01-08,1.23,1.23,1.2,1.23,160.0
2019-01-09,1.23,1.23,1.17,1.23,420.0
2019-01-10,1.23,1.25,1.23,1.25,2240.0
2019-01-11,1.25,1.3,1.23,1.23,7330.0
2019-01-14,1.23,1.23,1.23,1.23,30.0
2019-01-15,1.23,1.23,1.23,1.23,60.0
2019-01-16,1.23,1.23,1.14,1.21,5060.0
2019-01-17,1.22,1.22,1.11,1.2,7840.0
2019-01-18,1.2,1.2,1.2,1.2,10.0
2019-01-21,1.18,1.18,1.17,1.17,20.0
2019-01-22,1.18,1.22,1.18,1.22,11550.0
2019-01-23,1.22,1.28,1.22,1.28,17770.0
2019-01-24,1.29,1.41,1.29,1.41,13390.0
2019-01-25,1.42,1.55,1.41,1.49,26960.0
2019-01-28,1.48,1.49,1.47,1.47,7110.0
2019-01-29,1.49,1.49,1.39,1.49,5670.0
2019-01-30,1.49,1.5,1.49,1.49,2090.0
2019-01-31,1.55,1.57,1.28,1.28,19950.0
2019-02-01,1.38,1.41,1.38,1.41,3670.0
2019-02-04,1.42,1.42,1.39,1.39,3300.0
2019-02-05,1.41,1.44,1.41,1.43,520.0
2019-02-06,1.43,1.43,1.41,1.42,1410.0
2019-02-07,1.43,1.43,1.28,1.28,6400.0
2019-02-08,1.31,1.31,1.26,1.26,3370.0
2019-02-11,1.26,1.29,1.25,1.25,340.0
2019-02-12,1.31,1.31,1.31,1.31,60.0
2019-02-13,1.31,1.31,1.31,1.31,60.0
2019-02-14,1.31,1.31,1.28,1.31,1060.0
2019-02-15,1.31,1.31,1.31,1.31,50.0
2019-02-18,1.3,1.31,1.3,1.31,40.0
2019-02-19,1.3,1.3,1.3,1.3,400.0
2019-02-20,1.3,1.3,1.2,1.29,1360.0
2019-02-22,1.3,1.3,1.3,1.3,30.0
2019-02-26,1.3,1.3,1.21,1.21,1380.0
2019-02-27,1.28,1.28,1.2,1.2,3350.0
2019-02-28,1.28,1.28,1.28,1.28,10.0
2019-03-01,1.27,1.27,1.19,1.2,2840.0
2019-03-04,1.29,1.29,1.29,1.29,50.0
2019-03-05,1.28,1.28,1.23,1.23,1490.0
2019-03-06,1.265,1.29,1.265,1.29,2500.0
2019-03-07,1.29,1.29,1.23,1.23,2029.9999999999998
2019-03-08,1.28,1.28,1.2,1.2,5030.0
2019-03-12,1.23,1.23,1.23,1.23,50.0
2019-03-14,1.26,1.27,1.26,1.27,6170.0
2019-03-15,1.275,1.275,1.23,1.23,1580.0
2019-03-18,1.265,1.265,1.26,1.26,230.0
2019-03-19,1.265,1.265,1.24,1.24,30.0
2019-03-20,1.23,1.23,1.2,1.2,5750.0
2019-03-21,1.265,1.265,1.16,1.16,8470.0
2019-03-22,1.195,1.195,1.195,1.195,50.0
2019-03-25,1.185,1.185,1.17,1.17,1970.0
2019-03-26,1.195,1.195,1.19,1.195,530.0
2019-03-27,1.195,1.2,1.18,1.2,1430.0
2019-03-28,1.2,1.2,1.2,1.2,40.0
2019-03-29,1.2,1.2,1.2,1.2,10.0
2019-04-01,1.13,1.18,1.13,1.18,4160.0
2019-04-02,1.2,1.2,1.18,1.18,760.0
2019-04-03,1.18,1.18,1.18,1.18,20.0
2019-04-04,1.18,1.18,1.18,1.18,30.0
2019-04-05,1.18,1.18,1.08,1.18,4120.0
2019-04-08,1.18,1.18,1.16,1.18,140.0
2019-04-09,1.18,1.29,1.165,1.28,4940.0
2019-04-10,1.29,1.29,1.25,1.25,1040.0
2019-04-11,1.29,1.29,1.29,1.29,10.0
2019-04-12,1.29,1.29,1.23,1.23,410.0
2019-04-15,1.24,1.24,1.24,1.24,10.0
2019-04-16,1.24,1.24,1.22,1.22,600.0
2019-04-17,1.29,1.29,1.24,1.24,60.0
2019-04-23,1.2,1.2,1.14,1.14,510.0
2019-04-24,1.2,1.2,1.2,1.2,10.0
2019-04-25,1.2,1.2,1.2,1.2,10.0
2019-04-26,1.19,1.19,1.19,1.19,10.0
2019-04-29,1.17,1.17,1.17,1.17,0.0
2019-04-30,1.09,1.17,1.07,1.17,7240.0
2019-05-02,1.19,1.19,1.17,1.19,2020.0
2019-05-06,1.19,1.2,1.19,1.2,1650.0
2019-05-07,1.2,1.2,1.2,1.2,8330.0
2019-05-09,1.16,1.16,1.16,1.16,10.0
2019-05-10,1.16,1.16,1.16,1.16,20.0
2019-05-13,1.16,1.16,1.16,1.16,10.0
2019-05-14,1.16,1.16,1.16,1.16,10.0
2019-05-16,1.07,1.16,1.07,1.16,2700.0
2019-05-17,1.16,1.16,1.08,1.08,1030.0
2019-05-20,1.08,1.16,1.07,1.16,12830.0
2019-05-21,1.16,1.16,1.07,1.16,140.0
2019-05-22,1.16,1.16,1.16,1.16,6800.0
2019-05-23,1.3,1.35,1.3,1.34,26090.0
2019-05-24,1.34,1.34,1.33,1.33,950.0
2019-05-27,1.36,1.36,1.26,1.35,780.0
2019-05-28,1.35,1.35,1.35,1.35,30.0
2019-05-29,1.35,1.35,1.24,1.35,3530.0
2019-05-30,1.35,1.35,1.35,1.35,20.0
2019-05-31,1.35,1.35,1.35,1.35,20.0
2019-06-03,1.35,1.35,1.24,1.35,1270.0
2019-06-04,1.35,1.35,1.24,1.25,2410.0
2019-06-05,1.24,1.29,1.24,1.29,820.0
2019-06-06,1.3,1.3,1.3,1.3,10.0
2019-06-07,1.31,1.33,1.31,1.33,70.0
2019-06-10,1.33,1.33,1.32,1.32,40.0
2019-06-11,1.32,1.32,1.24,1.32,30.0
2019-06-12,1.32,1.33,1.32,1.33,3270.0
2019-06-13,1.33,1.33,1.33,1.33,30.0
2019-06-14,1.24,1.24,1.24,1.24,7000.0
2019-06-17,1.21,1.22,1.12,1.22,8780.0
2019-06-18,1.225,1.235,1.07,1.07,9760.0
2019-06-19,1.11,1.11,1.04,1.11,3640.0
2019-06-21,1.11,1.11,1.095,1.11,1840.0
2019-06-24,1.095,1.2,1.095,1.2,12200.0
2019-06-25,1.21,1.21,1.12,1.12,4200.0
2019-06-26,1.11,1.18,1.11,1.18,60.0
2019-06-27,1.22,1.22,1.22,1.22,20.0
2019-06-28,1.23,1.23,1.23,1.23,20.0
2019-07-01,1.23,1.23,1.21,1.21,1010.0
2019-07-02,1.24,1.24,1.12,1.15,6330.0
2019-07-03,1.19,1.19,1.19,1.19,10.0
2019-07-04,1.11,1.11,1.1,1.1,4880.0
2019-07-05,1.09,1.09,1.0,1.025,23130.0
2019-07-08,1.02,1.02,1.02,1.02,10.0
2019-07-09,0.918,1.0,0.918,1.0,6080.0
2019-07-10,1.04,1.04,1.04,1.04,10.0
2019-07-11,1.04,1.04,0.936,1.03,4540.0
2019-07-12,1.04,1.04,1.03,1.03,1010.0
2019-07-15,1.04,1.04,1.025,1.025,810.0
2019-07-16,1.025,1.025,1.025,1.025,10.0
2019-07-17,1.015,1.015,1.015,1.015,10.0
2019-07-18,0.94,0.94,0.918,0.918,3660.0
2019-07-19,0.918,0.918,0.746,0.78,57780.0
2019-07-22,0.77,0.77,0.66,0.66,26670.0
2019-07-23,0.688,0.698,0.616,0.616,27530.0
2019-07-24,0.616,0.63,0.594,0.618,15180.0
2019-07-25,0.62,0.62,0.55,0.55,62800.0
2019-07-26,0.56,0.56,0.516,0.55,64930.00000000001
2019-07-29,0.55,0.55,0.496,0.55,12430.0
2019-07-30,0.496,0.496,0.45,0.45,52890.0
2019-07-31,0.476,0.49,0.45,0.476,3570.0
2019-08-01,0.476,0.49,0.45,0.48,7560.0
2019-08-02,0.48,0.48,0.48,0.48,20.0
2019-08-05,0.48,0.48,0.48,0.48,1040.0
2019-08-06,0.47,0.47,0.435,0.44,21740.0
2019-08-07,0.46,0.48,0.44,0.48,7670.0
2019-08-08,0.478,0.53,0.46,0.53,43820.0
2019-08-09,0.54,0.55,0.51,0.51,11750.0
2019-08-12,0.51,0.546,0.504,0.504,16149.999999999998
2019-08-13,0.504,0.504,0.502,0.502,230.0
2019-08-14,0.504,0.506,0.502,0.502,40.0
2019-08-16,0.46,0.46,0.46,0.46,1210.0
2019-08-19,0.5,0.5,0.44,0.44,9000.0
2019-08-20,0.43,0.437,0.415,0.415,13540.0
2019-08-21,0.414,0.422,0.4,0.421,25850.0
2019-08-22,0.4,0.406,0.4,0.406,2510.0
2019-08-23,0.434,0.434,0.43,0.43,4420.0
2019-08-26,0.434,0.434,0.434,0.434,10.0
2019-08-27,0.434,0.434,0.434,0.434,20.0
2019-08-28,0.434,0.434,0.391,0.41,11510.0
2019-08-29,0.42,0.43,0.42,0.43,2009.9999999999998
2019-08-30,0.43,0.43,0.43,0.43,20.0
2019-09-02,0.43,0.43,0.43,0.43,2009.9999999999998
2019-09-03,0.43,0.43,0.428,0.428,4059.9999999999995
2019-09-04,0.43,0.43,0.43,0.43,10.0
2019-09-05,0.43,0.43,0.43,0.43,20.0
2019-09-06,0.43,0.434,0.428,0.434,2780.0
2019-09-09,0.465,0.465,0.37,0.416,92380.0
2019-09-10,0.428,0.435,0.428,0.435,3940.0
2019-09-11,0.435,0.438,0.435,0.438,1210.0
2019-09-12,0.46,0.46,0.456,0.456,90.0
2019-09-13,0.45,0.45,0.417,0.445,6030.0
2019-09-16,0.369,0.405,0.369,0.39,8670.0
2019-09-17,0.409,0.409,0.409,0.409,4310.0
2019-09-18,0.427,0.427,0.427,0.427,10.0
2019-09-19,0.42,0.42,0.378,0.418,18470.0
2019-09-20,0.42,0.42,0.42,0.42,20.0
2019-09-23,0.446,0.446,0.41,0.425,4260.0
2019-09-24,0.425,0.429,0.425,0.429,2020.0
2019-09-25,0.39,0.4,0.39,0.4,9660.0
2019-09-26,0.429,0.429,0.429,0.429,2710.0
2019-09-27,0.43,0.43,0.43,0.43,100.0
2019-09-30,0.44,0.44,0.44,0.44,60.0
2019-10-01,0.45,0.45,0.45,0.45,270.0
2019-10-02,0.47,0.47,0.4,0.432,23430.0
2019-10-03,0.47,0.47,0.47,0.47,10.0
2019-10-04,0.469,0.469,0.469,0.469,10.0
2019-10-07,0.469,0.469,0.381,0.396,11210.0
2019-10-08,0.434,0.434,0.4,0.4,1020.0
2019-10-09,0.42,0.42,0.398,0.398,5040.0
2019-10-10,0.38,0.41,0.38,0.41,260.0
2019-10-11,0.438,0.438,0.434,0.434,2840.0
2019-10-14,0.434,0.434,0.434,0.434,710.0
2019-10-15,0.44,0.44,0.44,0.44,10.0
2019-10-16,0.44,0.44,0.44,0.44,10.0
2019-10-17,0.47,0.47,0.47,0.47,10.0
2019-10-18,0.47,0.47,0.42,0.423,1750.0
2019-10-21,0.4,0.4,0.4,0.4,950.0
2019-10-22,0.408,0.408,0.382,0.385,1470.0
2019-10-23,0.4,0.4,0.4,0.4,1020.0
2019-10-24,0.4,0.4,0.382,0.382,3490.0
2019-10-25,0.4,0.408,0.4,0.408,3240.0
2019-10-28,0.41,0.41,0.4,0.4,6790.0
2019-10-29,0.425,0.425,0.4,0.4,60.0
2019-10-30,0.424,0.424,0.424,0.424,10.0
2019-10-31,0.424,0.424,0.424,0.424,10.0
2019-11-04,0.424,0.424,0.424,0.424,20.0
2019-11-05,0.424,0.424,0.382,0.382,1100.0
2019-11-06,0.4,0.4,0.4,0.4,10.0
2019-11-07,0.418,0.418,0.4,0.4,4010.0
2019-11-08,0.4,0.418,0.371,0.418,2630.0
2019-11-12,0.418,0.418,0.415,0.415,1010.0
2019-11-13,0.415,0.415,0.415,0.415,10.0
2019-11-14,0.41,0.41,0.39,0.39,3530.0
2019-11-15,0.412,0.412,0.412,0.412,10.0
2019-11-18,0.412,0.412,0.39,0.4,10240.0
2019-11-19,0.422,0.422,0.39,0.39,60.0
2019-11-20,0.39,0.39,0.39,0.39,1120.0
2019-11-21,0.39,0.39,0.39,0.39,10.0
2019-11-25,0.39,0.4,0.39,0.4,210.0
2019-11-26,0.419,0.419,0.378,0.415,810.0
2019-11-27,0.415,0.415,0.383,0.415,6560.0
2019-11-28,0.419,0.419,0.4,0.4,2540.0
2019-11-29,0.419,0.419,0.419,0.419,10.0
2019-12-02,0.419,0.42,0.419,0.42,5010.0
2019-12-03,0.435,0.435,0.434,0.434,4010.0
2019-12-04,0.435,0.435,0.435,0.435,20.0
2019-12-05,0.435,0.435,0.435,0.435,10.0
2019-12-06,0.435,0.435,0.385,0.4,1480.0
2019-12-09,0.4,0.4,0.385,0.4,4120.0
2019-12-10,0.4,0.4,0.4,0.4,1770.0
2019-12-11,0.43,0.43,0.43,0.43,10.0
2019-12-12,0.43,0.43,0.43,0.43,10.0
2019-12-13,0.43,0.43,0.395,0.43,3830.0
2019-12-16,0.43,0.43,0.43,0.43,10.0
2019-12-17,0.43,0.43,0.425,0.425,4010.0
2019-12-18,0.425,0.425,0.4,0.425,1030.0
2019-12-19,0.395,0.402,0.38,0.402,219410.0
2019-12-20,0.39,0.392,0.38,0.38,18400.0
2019-12-23,0.37,0.402,0.37,0.402,2500.0
2019-12-30,0.37,0.37,0.37,0.37,130.0
2020-01-15,0.38,0.38,0.38,0.38,40.0
2020-01-17,0.428,0.428,0.38,0.38,2130.0
2020-01-22,0.428,0.428,0.428,0.428,400.0
2020-01-24,0.388,0.388,0.382,0.382,1600.0
2020-01-27,0.4,0.4,0.38,0.38,500.0
2020-01-30,0.351,0.351,0.351,0.351,760.0
2020-02-10,0.352,0.352,0.352,0.352,9300.0
2020-02-11,0.353,0.353,0.352,0.352,4840.0
2020-02-17,0.337,0.34,0.337,0.34,3000.0
2020-02-18,0.34,0.34,0.34,0.34,13150.0
2020-02-19,0.34,0.34,0.34,0.34,3970.0
2020-02-20,0.34,0.34,0.34,0.34,9850.0
2020-02-24,0.34,0.34,0.34,0.34,8000.0
2020-02-25,0.34,0.34,0.34,0.34,4660.0
2020-02-28,0.387,0.387,0.387,0.387,3320.0
2020-03-02,0.387,0.387,0.387,0.387,1950.0
2020-03-09,0.38,0.38,0.38,0.38,0.0
2020-03-10,0.387,0.387,0.35,0.35,12340.0
2020-03-16,0.35,0.35,0.35,0.35,660.0
2020-03-17,0.42,0.42,0.42,0.42,1100.0
2020-03-18,0.426,0.426,0.424,0.424,9130.0
2020-03-19,0.35,0.35,0.35,0.35,440.0
2020-03-20,0.41,0.429,0.41,0.429,25640.0
2020-03-23,0.429,0.429,0.429,0.429,5530.0
2020-03-24,0.429,0.429,0.429,0.429,110.0
2020-03-26,0.42,0.42,0.42,0.42,250.0
2020-03-27,0.362,0.364,0.362,0.364,9530.0
2020-03-30,0.35,0.35,0.32,0.32,4500.0
2020-03-31,0.332,0.332,0.33,0.33,6230.0
2020-04-01,0.32,0.32,0.32,0.32,1050.0
2020-04-02,0.32,0.32,0.32,0.32,670.0
2020-04-03,0.34,0.34,0.34,0.34,6540.0
2020-04-06,0.35,0.37,0.35,0.37,2500.0
2020-04-07,0.38,0.39,0.38,0.39,4950.0
2020-04-09,0.38,0.38,0.38,0.38,1800.0
2020-04-14,0.38,0.38,0.37,0.37,190.0
2020-04-15,0.32,0.32,0.32,0.32,1820.0
2020-04-17,0.34,0.34,0.34,0.34,4110.0
2020-04-20,0.35,0.35,0.35,0.35,1000.0
2020-04-21,0.43,0.43,0.418,0.418,14880.0
2020-04-22,0.406,0.408,0.406,0.408,6050.0
2020-04-23,0.36,0.36,0.36,0.36,100.0
2020-04-24,0.36,0.36,0.36,0.36,2590.0
2020-04-28,0.36,0.36,0.36,0.36,600.0
2020-04-30,0.35,0.35,0.35,0.35,1600.0
2020-05-06,0.35,0.35,0.35,0.35,6000.0
2020-05-07,0.37,0.37,0.37,0.37,700.0
2020-05-08,0.38,0.38,0.38,0.38,4600.0
2020-05-12,0.406,0.406,0.406,0.406,200.0
2020-05-13,0.406,0.406,0.406,0.406,6650.0
2020-05-18,0.352,0.352,0.352,0.352,1950.0
2020-05-19,0.38,0.38,0.38,0.38,10.0
2020-05-20,0.404,0.404,0.404,0.404,3010.0
2020-05-21,0.406,0.406,0.404,0.404,1240.0
2020-05-22,0.406,0.406,0.406,0.406,36280.0
2020-05-25,0.408,0.408,0.408,0.408,200.0
2020-05-26,0.406,0.406,0.36,0.36,54950.0
2020-05-27,0.42,0.428,0.42,0.428,61230.0
2020-05-28,0.438,0.438,0.438,0.438,40000.0
2020-05-29,0.468,0.468,0.468,0.468,9940.0
2020-06-01,0.5,0.53,0.5,0.53,9560.0
2020-06-02,0.52,0.52,0.52,0.52,1800.0
2020-06-03,0.5,0.51,0.5,0.51,13830.0
2020-06-04,0.51,0.51,0.51,0.51,340.0
2020-06-05,0.5,0.5,0.5,0.5,3000.0
2020-06-08,0.52,0.52,0.52,0.52,10110.0
2020-06-09,0.52,0.52,0.52,0.52,7000.0
2020-06-10,0.52,0.52,0.52,0.52,7000.0
2020-06-12,0.53,0.55,0.53,0.55,8420.0
2020-06-15,0.56,0.57,0.56,0.57,5500.0
2020-06-16,0.58,0.58,0.58,0.58,2270.0
2020-06-17,0.62,0.62,0.62,0.62,3990.0
2020-06-19,0.62,0.62,0.62,0.62,1760.0
2020-06-22,0.6,0.6,0.6,0.6,64790.00000000001
2020-06-23,0.6,0.6,0.6,0.6,11650.0
2020-06-24,0.6,0.6,0.6,0.6,2310.0
2020-06-25,0.585,0.585,0.585,0.585,2620.0
2020-06-26,0.6,0.6,0.6,0.6,6610.0
2020-07-06,0.66,0.66,0.63,0.63,53940.0
2020-07-08,0.63,0.63,0.625,0.625,3780.0
2020-07-09,0.6,0.6,0.6,0.6,4680.0
2020-07-10,0.595,0.595,0.595,0.595,730.0
2020-07-13,0.64,0.64,0.61,0.61,26560.0
2020-07-15,0.6,0.6,0.6,0.6,4720.0
2020-07-16,0.6,0.6,0.6,0.6,250.0
2020-07-23,0.54,0.57,0.54,0.57,4910.0
2020-07-24,0.57,0.57,0.57,0.57,3950.0
2020-08-04,0.55,0.55,0.55,0.55,1080.0
2020-08-11,0.52,0.52,0.52,0.52,400.0
2020-08-12,0.52,0.52,0.52,0.52,2200.0
2020-08-13,0.53,0.53,0.53,0.53,4340.0
2020-08-17,0.51,0.51,0.51,0.51,2860.0
2020-08-18,0.53,0.53,0.53,0.53,1120.0
2020-08-19,0.53,0.53,0.53,0.53,90.0
2020-08-20,0.5,0.5,0.5,0.5,150.0
2020-08-21,0.51,0.51,0.51,0.51,7870.0
2020-08-24,0.51,0.51,0.51,0.51,2400.0
2020-08-25,0.5,0.5,0.5,0.5,4700.0
2020-08-27,0.5,0.5,0.5,0.5,160.0
2020-09-04,0.5,0.5,0.5,0.5,3010.0
2020-09-09,0.5,0.5,0.5,0.5,6100.0
2020-09-10,0.5,0.5,0.5,0.5,2700.0
2020-09-11,0.5,0.5,0.5,0.5,900.0
2020-09-16,0.52,0.52,0.52,0.52,13100.0
2020-09-17,0.52,0.52,0.5,0.5,4500.0
2020-09-18,0.49,0.49,0.49,0.49,3500.0
2020-09-21,0.48,0.48,0.48,0.48,4500.0
2020-09-22,0.47,0.47,0.47,0.47,190.0
2020-09-25,0.47,0.47,0.47,0.47,10.0
2020-09-30,0.47,0.47,0.454,0.454,1590.0
2020-10-02,0.45,0.45,0.45,0.45,70.0
2020-10-06,0.45,0.45,0.45,0.45,280.0
2020-10-08,0.41,0.41,0.41,0.41,320.0
2020-10-12,0.41,0.41,0.41,0.41,14860.0
2020-10-15,0.41,0.41,0.41,0.41,3000.0
2020-10-19,0.41,0.41,0.41,0.41,1450.0
2020-10-20,0.45,0.45,0.45,0.45,100.0
2020-10-26,0.45,0.45,0.45,0.45,3000.0
2020-10-27,0.45,0.45,0.45,0.45,6000.0
2020-10-28,0.41,0.41,0.322,0.322,3900.0
2020-10-29,0.35,0.35,0.35,0.35,2050.0
2020-10-30,0.4,0.4,0.4,0.4,10.0
2020-11-02,0.4,0.4,0.4,0.4,2500.0
2020-11-06,0.322,0.4,0.322,0.4,3270.0
2020-11-12,0.388,0.388,0.388,0.388,1000.0
2020-11-16,0.388,0.388,0.388,0.388,9800.0
2020-11-17,0.41,0.41,0.41,0.41,3530.0
2020-11-24,0.43,0.43,0.42,0.42,4270.0
2020-11-25,0.43,0.43,0.43,0.43,7760.0
2020-11-26,0.44,0.44,0.44,0.44,400.0
2020-12-01,0.42,0.42,0.42,0.42,400.0
2020-12-02,0.43,0.43,0.43,0.43,3190.0
2020-12-04,0.422,0.424,0.422,0.424,145880.0
2020-12-07,0.424,0.424,0.424,0.424,4140.0
2020-12-08,0.424,0.424,0.424,0.424,900.0
2020-12-09,0.41,0.41,0.4,0.4,3310.0
2020-12-10,0.4,0.4,0.4,0.4,70.0
2020-12-14,0.4,0.424,0.4,0.424,250.0
2020-12-15,0.424,0.424,0.424,0.424,280.0
2020-12-16,0.424,0.424,0.424,0.424,2220.0
2020-12-17,0.424,0.424,0.424,0.424,2780.0
2020-12-18,0.4,0.4,0.4,0.4,2480.0
2020-12-21,0.4,0.4,0.4,0.4,3240.0
2020-12-22,0.4,0.42,0.4,0.42,28220.0
2020-12-23,0.38,0.38,0.38,0.38,4040.0
2020-12-28,0.38,0.38,0.38,0.38,31350.0
2020-12-29,0.38,0.38,0.38,0.38,10.0
2020-12-30,0.42,0.42,0.42,0.42,4990.0
2021-01-04,0.42,0.42,0.42,0.42,6500.0
2021-01-05,0.42,0.42,0.42,0.42,3930.0
2021-01-07,0.384,0.384,0.384,0.384,520.0
2021-01-08,0.42,0.42,0.42,0.42,10000.0
2021-01-11,0.42,0.44,0.42,0.44,5730.0
2021-01-12,0.44,0.44,0.44,0.44,2500.0
2021-01-13,0.44,0.44,0.44,0.44,6500.0
2021-01-14,0.44,0.44,0.44,0.44,5790.0
2021-01-15,0.5,0.5,0.498,0.498,19020.0
2021-01-18,0.49,0.49,0.48,0.48,12250.0
2021-01-19,0.498,0.498,0.432,0.432,2200.0
2021-01-20,0.436,0.436,0.436,0.436,500.0
2021-01-22,0.494,0.5,0.494,0.5,49460.0
2021-01-25,0.478,0.478,0.478,0.478,27670.0
2021-01-26,0.46,0.46,0.452,0.452,9690.0
2021-01-27,0.462,0.462,0.462,0.462,8490.0
2021-01-28,0.498,0.498,0.498,0.498,4800.0
2021-02-01,0.498,0.498,0.454,0.454,6710.0
2021-02-02,0.498,0.498,0.498,0.498,15880.0
2021-02-04,0.488,0.488,0.456,0.456,10940.0
2021-02-05,0.5,0.5,0.5,0.5,6360.0
2021-02-08,0.496,0.496,0.488,0.488,5700.0
2021-02-09,0.488,0.488,0.472,0.472,8440.0
2021-02-10,0.498,0.5,0.498,0.5,11000.0
2021-02-11,0.5,0.5,0.5,0.5,7000.0
2021-02-15,0.474,0.5,0.474,0.5,6000.0
2021-02-16,0.5,0.5,0.5,0.5,5900.0
2021-02-18,0.5,0.5,0.5,0.5,1000.0
2021-02-19,0.5,0.5,0.498,0.498,2000.0
2021-02-22,0.498,0.498,0.498,0.498,700.0
2021-02-23,0.48,0.48,0.48,0.48,1420.0
2021-02-24,0.46,0.5,0.46,0.5,2180.0
2021-02-25,0.456,0.456,0.456,0.456,80.0
2021-02-26,0.5,0.5,0.5,0.5,1120.0
2021-03-01,0.458,0.49,0.458,0.49,2360.0
2021-03-02,0.48,0.48,0.48,0.48,5320.0
2021-03-03,0.47,0.47,0.47,0.47,2280.0
2021-03-04,0.5,0.5,0.5,0.5,21790.0
2021-03-05,0.5,0.5,0.5,0.5,12860.0
2021-03-08,0.55,0.55,0.53,0.53,17830.0
2021-03-09,0.53,0.54,0.53,0.54,14200.0
2021-03-10,0.59,0.59,0.59,0.59,26380.0
2021-03-11,0.62,0.68,0.62,0.68,13310.0
2021-03-12,0.68,0.68,0.645,0.645,42920.0
2021-03-15,0.645,0.645,0.62,0.62,2250.0
2021-03-16,0.69,0.695,0.69,0.695,14270.0
2021-03-17,0.7,0.7,0.68,0.68,10500.0
2021-03-18,0.68,0.68,0.68,0.68,850.0
2021-03-19,0.68,0.68,0.68,0.68,7540.0
2021-03-22,0.65,0.65,0.63,0.63,23700.0
2021-03-23,0.63,0.63,0.63,0.63,2560.0
2021-03-24,0.63,0.63,0.63,0.63,3630.0
2021-03-25,0.615,0.615,0.615,0.615,2090.0
2021-03-26,0.615,0.615,0.615,0.615,2910.0
2021-03-29,0.63,0.63,0.63,0.63,10.0
2021-03-30,0.65,0.67,0.65,0.67,4370.0
2021-03-31,0.65,0.65,0.65,0.65,1640.0
2021-04-06,0.645,0.645,0.645,0.645,400.0
2021-04-07,0.58,0.58,0.58,0.58,3100.0
2021-04-08,0.63,0.63,0.63,0.63,1000.0
2021-04-12,0.58,0.58,0.58,0.58,400.0
2021-04-20,0.615,0.615,0.615,0.615,1000.0
2021-04-21,0.615,0.615,0.615,0.615,100.0
2021-04-22,0.58,0.58,0.58,0.58,300.0
2021-04-23,0.58,0.58,0.54,0.54,22030.0
2021-05-04,0.62,0.62,0.62,0.62,200.0
2021-05-05,0.615,0.615,0.615,0.615,420.0
2021-05-06,0.58,0.58,0.58,0.58,2000.0
2021-05-07,0.58,0.58,0.58,0.58,160.0
2021-05-11,0.62,0.62,0.62,0.62,14950.0
2021-05-12,0.62,0.62,0.62,0.62,2000.0
2021-05-13,0.65,0.65,0.65,0.65,4200.0
2021-05-14,0.67,0.67,0.67,0.67,29780.0
2021-05-17,0.675,0.68,0.675,0.68,9320.0
2021-05-20,0.68,0.68,0.68,0.68,1340.0
2021-05-24,0.68,0.68,0.68,0.68,20.0
2021-05-26,0.67,0.67,0.67,0.67,680.0
2021-05-27,0.67,0.67,0.67,0.67,6440.0
2021-05-28,0.78,0.78,0.77,0.77,35890.0
2021-05-31,0.77,0.77,0.77,0.77,5800.0
2021-06-01,0.76,0.76,0.715,0.715,720.0
2021-06-02,0.71,0.71,0.71,0.71,4100.0
2021-06-04,0.85,0.92,0.85,0.92,12600.0
2021-06-07,0.84,0.85,0.84,0.85,8410.0
2021-06-08,0.8,0.8,0.8,0.8,10400.0
2021-06-09,0.75,0.775,0.75,0.775,9000.0
2021-06-10,0.79,0.8,0.79,0.8,5500.0
2021-06-11,0.8,0.8,0.8,0.8,10.0
2021-06-14,0.8,0.8,0.8,0.8,300.0
2021-06-15,0.75,0.75,0.75,0.75,6250.0
2021-06-16,0.72,0.72,0.72,0.72,15070.0
2021-06-22,0.75,0.75,0.75,0.75,3150.0
2021-06-23,0.75,0.75,0.75,0.75,57950.0
2021-06-25,0.72,0.74,0.72,0.74,3000.0
2021-06-28,0.72,0.72,0.72,0.72,1500.0
2021-06-30,0.73,0.73,0.73,0.73,420.0
2021-07-01,0.7,0.7,0.7,0.7,5300.0
2021-07-02,0.74,0.74,0.74,0.74,12670.0
2021-07-05,0.76,0.76,0.76,0.76,2910.0
2021-07-06,0.77,0.835,0.77,0.835,2170.0
2021-07-08,0.8,0.8,0.8,0.8,1100.0
2021-07-12,0.75,0.75,0.75,0.75,12220.0
2021-07-13,0.75,0.75,0.75,0.75,23500.0
2021-07-14,0.75,0.75,0.75,0.75,9740.0
2021-07-15,0.75,0.75,0.75,0.75,46260.0
2021-07-16,0.75,0.75,0.75,0.75,5780.0
2021-07-19,0.75,0.75,0.705,0.705,190.0
2021-07-20,0.705,0.705,0.705,0.705,1500.0
2021-07-21,0.75,0.75,0.75,0.75,640.0
2021-07-22,0.75,0.75,0.75,0.75,1500.0
2021-07-23,0.75,0.75,0.75,0.75,1300.0
2021-07-26,0.71,0.71,0.71,0.71,1000.0
2021-07-27,0.71,0.71,0.71,0.71,100.0
2021-07-30,0.71,0.71,0.71,0.71,0.0
2021-08-02,0.75,0.75,0.75,0.75,1350.0
2021-08-03,0.75,0.75,0.71,0.71,1000.0
2021-08-05,0.75,0.75,0.75,0.75,33650.0
2021-08-06,0.75,0.75,0.75,0.75,4500.0
2021-08-10,0.71,0.71,0.7,0.7,1920.0
2021-08-11,0.7,0.705,0.7,0.705,3700.0
2021-08-13,0.75,0.75,0.75,0.75,520.0
2021-08-19,0.75,0.75,0.71,0.71,32560.000000000004
2021-08-20,0.75,0.75,0.75,0.75,3000.0
2021-08-23,0.74,0.74,0.74,0.74,830.0
2021-08-24,0.73,0.73,0.73,0.73,3920.0
2021-08-27,0.72,0.72,0.72,0.72,3000.0
2021-08-31,0.72,0.74,0.72,0.74,3930.0
2021-09-01,0.74,0.75,0.74,0.75,10280.0
2021-09-02,0.75,0.75,0.75,0.75,240.0
2021-09-03,0.75,0.75,0.75,0.75,850.0
2021-09-06,0.74,0.74,0.74,0.74,1000.0
2021-09-07,0.74,0.74,0.74,0.74,5500.0
2021-09-08,0.745,0.745,0.745,0.745,650.0
2021-09-10,0.75,0.75,0.75,0.75,1570.0
2021-09-13,0.75,0.75,0.75,0.75,4600.0
2021-09-14,0.75,0.75,0.75,0.75,1100.0
2021-09-15,0.71,0.71,0.71,0.71,350.0
2021-09-16,0.73,0.73,0.73,0.73,10.0
2021-09-17,0.75,0.75,0.75,0.75,1510.0
2021-09-24,0.75,0.75,0.75,0.75,100.0
2021-09-28,0.75,0.75,0.75,0.75,300.0
2021-09-29,0.75,0.75,0.75,0.75,1040.0
2021-09-30,0.75,0.75,0.75,0.75,2580.0
2021-10-01,0.67,0.67,0.67,0.67,2500.0
2021-10-04,0.7,0.7,0.7,0.7,100.0
2021-10-05,0.71,0.71,0.71,0.71,1300.0
2021-10-06,0.7,0.7,0.7,0.7,29860.0
2021-10-07,0.7,0.7,0.7,0.7,2050.0
2021-10-08,0.66,0.7,0.66,0.7,9470.0
2021-10-11,0.7,0.7,0.7,0.7,1480.0
2021-10-12,0.7,0.7,0.7,0.7,25040.0
2021-10-13,0.675,0.675,0.675,0.675,2060.0
2021-10-15,0.67,0.67,0.67,0.67,480.0
2021-10-18,0.7,0.7,0.7,0.7,5000.0
2021-10-19,0.67,0.67,0.67,0.67,210.0
2021-10-20,0.69,0.69,0.69,0.69,18300.0
2021-10-21,0.68,0.68,0.68,0.68,2000.0
2021-10-27,0.72,0.72,0.72,0.72,1740.0
2021-10-28,0.72,0.72,0.72,0.72,2720.0
2021-11-02,0.7,0.7,0.7,0.7,5990.0
2021-11-03,0.7,0.7,0.7,0.7,12130.0
2021-11-04,0.7,0.7,0.69,0.69,5190.0
2021-11-05,0.65,0.66,0.65,0.66,13160.0
2021-11-08,0.64,0.64,0.64,0.64,5740.0
2021-11-09,0.64,0.64,0.63,0.63,7240.0
2021-11-10,0.6,0.6,0.6,0.6,1640.0
2021-11-12,0.61,0.61,0.61,0.61,200.0
2021-11-16,0.69,0.69,0.69,0.69,1820.0
2021-11-17,0.565,0.69,0.565,0.69,2060.0
2021-11-18,0.69,0.69,0.69,0.69,600.0
2021-11-24,0.62,0.62,0.62,0.62,3680.0
2021-11-25,0.62,0.62,0.62,0.62,150.0
2021-11-26,0.67,0.67,0.67,0.67,500.0
2021-11-29,0.685,0.685,0.685,0.685,100.0
2021-11-30,0.67,0.67,0.67,0.67,600.0
2021-12-02,0.605,0.605,0.605,0.605,4680.0
2021-12-03,0.6,0.6,0.595,0.595,33160.0
2021-12-06,0.57,0.57,0.56,0.56,5700.0
2021-12-07,0.57,0.57,0.57,0.57,7750.0
2021-12-08,0.56,0.56,0.55,0.55,3200.0
2021-12-09,0.545,0.545,0.545,0.545,4290.0
2021-12-13,0.545,0.545,0.545,0.545,210.0
2021-12-15,0.555,0.555,0.545,0.545,4150.0
2021-12-16,0.545,0.545,0.545,0.545,4490.0
2021-12-17,0.545,0.545,0.545,0.545,1620.0
2021-12-20,0.5,0.5,0.5,0.5,1090.0
2021-12-21,0.51,0.51,0.51,0.51,120.0
2021-12-22,0.52,0.52,0.52,0.52,590.0
2021-12-23,0.5,0.5,0.5,0.5,5480.0
2021-12-27,0.5,0.52,0.5,0.52,13510.0
2021-12-28,0.55,0.55,0.55,0.55,43040.0
2021-12-30,0.555,0.58,0.555,0.58,5210.0
2022-01-03,0.58,0.58,0.58,0.58,180.0
2022-01-04,0.58,0.58,0.58,0.58,7940.0
2022-01-05,0.58,0.58,0.58,0.58,150.0
2022-01-10,0.65,0.65,0.65,0.65,600.0
2022-01-12,0.64,0.64,0.64,0.64,3000.0
2022-01-13,0.64,0.64,0.64,0.64,270.0
2022-01-18,0.6,0.6,0.6,0.6,1000.0
2022-01-20,0.6,0.6,0.6,0.6,5300.0
2022-01-24,0.59,0.59,0.56,0.56,4980.0
2022-01-25,0.565,0.58,0.565,0.58,5200.0
2022-01-26,0.6,0.6,0.6,0.6,9400.0
2022-01-27,0.6,0.6,0.6,0.6,6000.0
2022-01-28,0.56,0.6,0.56,0.6,2970.0
2022-02-11,0.595,0.595,0.595,0.595,3500.0
2022-02-16,0.56,0.56,0.56,0.56,3500.0
2022-02-17,0.56,0.56,0.56,0.56,2710.0
2022-02-24,0.5,0.5,0.41,0.41,41640.0
2022-03-02,0.484,0.55,0.484,0.55,18520.0
2022-03-03,0.59,0.59,0.59,0.59,27310.0
2022-03-04,0.45,0.48,0.45,0.48,25860.0
2022-03-07,0.48,0.52,0.48,0.52,5900.0
2022-03-08,0.53,0.53,0.53,0.53,3020.0
2022-03-09,0.5,0.5,0.5,0.5,2000.0
2022-03-10,0.5,0.5,0.5,0.5,8400.0
2022-03-11,0.5,0.5,0.5,0.5,850.0
2022-03-14,0.56,0.59,0.56,0.59,13340.0
2022-03-15,0.59,0.59,0.555,0.555,3040.0
2022-03-16,0.555,0.555,0.52,0.52,6650.0
2022-03-17,0.5,0.5,0.49,0.49,10620.0
2022-03-18,0.49,0.49,0.49,0.49,1360.0
2022-03-21,0.5,0.5,0.5,0.5,410.0
2022-03-23,0.505,0.505,0.505,0.505,200.0
2022-03-24,0.56,0.56,0.56,0.56,6060.0
2022-03-25,0.56,0.56,0.56,0.56,2090.0
2022-03-28,0.57,0.57,0.57,0.57,5300.0
2022-03-29,0.6,0.6,0.6,0.6,14600.0
2022-03-30,0.68,0.68,0.68,0.68,26340.0
2022-03-31,0.7,0.7,0.7,0.7,33480.0
2022-04-01,0.7,0.7,0.7,0.7,3330.0
2022-04-05,0.615,0.615,0.615,0.615,3000.0
2022-04-06,0.615,0.615,0.615,0.615,2110.0
2022-04-11,0.42,0.42,0.42,0.42,21280.0
2022-04-12,0.52,0.52,0.52,0.52,2500.0
2022-04-13,0.63,0.63,0.63,0.63,2000.0
2022-04-14,0.63,0.63,0.63,0.63,100.0
2022-04-19,0.63,0.63,0.63,0.63,80.0
2022-04-20,0.63,0.63,0.61,0.61,14520.0
2022-04-21,0.56,0.56,0.52,0.52,23770.0
2022-04-22,0.565,0.565,0.565,0.565,21000.0
2022-04-25,0.52,0.55,0.52,0.55,2670.0
2022-04-26,0.545,0.545,0.545,0.545,1580.0
2022-04-27,0.52,0.52,0.52,0.52,340.0
2022-04-28,0.565,0.565,0.565,0.565,2260.0
2022-04-29,0.565,0.57,0.565,0.57,10170.0
2022-05-02,0.595,0.7,0.595,0.7,21760.0
2022-05-04,0.69,0.9,0.68,0.75,599830.0
2022-05-05,0.77,0.78,0.64,0.695,157130.0
2022-05-06,0.665,0.67,0.6,0.64,82110.0
2022-05-09,0.65,0.65,0.61,0.64,6320.0
2022-05-10,0.65,0.65,0.595,0.625,6440.0
2022-05-11,0.65,0.65,0.6,0.61,45600.0
2022-05-12,0.635,0.635,0.56,0.585,9930.0
2022-05-13,0.58,0.6,0.58,0.6,14290.0
2022-05-16,0.61,0.61,0.57,0.605,12720.0
2022-05-17,0.605,0.63,0.57,0.63,22610.0
2022-05-18,0.63,0.63,0.63,0.63,30.0
2022-05-19,0.625,0.63,0.6,0.63,7670.0
2022-05-20,0.625,0.625,0.625,0.625,970.0
2022-05-23,0.63,0.63,0.59,0.6,11210.0
2022-05-24,0.6,0.6,0.6,0.6,50.0
2022-05-25,0.63,0.63,0.6,0.6,4390.0
2022-05-26,0.6,0.6,0.575,0.6,6420.0
2022-05-27,0.57,0.57,0.49,0.535,127390.0
2022-05-30,0.535,0.535,0.464,0.488,56510.0
2022-05-31,0.488,0.49,0.452,0.49,39720.0
2022-06-01,0.49,0.525,0.464,0.51,18600.0
2022-06-02,0.525,0.535,0.525,0.535,17160.0
2022-06-03,0.54,0.54,0.505,0.535,1620.0
2022-06-06,0.54,0.54,0.535,0.535,5030.0
2022-06-07,0.54,0.54,0.54,0.54,1030.0
2022-06-08,0.54,0.54,0.498,0.52,2430.0
2022-06-09,0.53,0.53,0.486,0.49,3030.0
2022-06-10,0.515,0.515,0.498,0.498,4860.0
2022-06-13,0.498,0.498,0.498,0.498,30.0
2022-06-14,0.496,0.5,0.49,0.5,3210.0
2022-06-15,0.53,0.53,0.53,0.53,30.0
2022-06-17,0.5,0.5,0.5,0.5,190.0
2022-06-20,0.48,0.48,0.48,0.48,120.0
2022-06-21,0.48,0.505,0.48,0.5,10030.0
2022-06-22,0.53,0.53,0.49,0.49,280.0
2022-06-23,0.505,0.505,0.46,0.47,6510.0
2022-06-24,0.472,0.472,0.472,0.472,10.0
2022-06-27,0.474,0.496,0.45,0.496,8039.999999999999
2022-06-28,0.496,0.498,0.496,0.498,1100.0
2022-06-29,0.51,0.51,0.51,0.51,0.0
2022-06-30,0.53,0.53,0.53,0.53,30.0
2022-07-01,0.53,0.53,0.53,0.53,30.0
2022-07-04,0.53,0.53,0.53,0.53,30.0
2022-07-05,0.53,0.53,0.53,0.53,30.0
2022-07-06,0.52,0.52,0.52,0.52,1440.0
2022-07-07,0.52,0.52,0.482,0.5,1830.0
2022-07-08,0.52,0.52,0.482,0.498,11750.0
2022-07-11,0.52,0.52,0.52,0.52,20.0
2022-07-12,0.52,0.52,0.52,0.52,30.0
2022-07-13,0.52,0.52,0.52,0.52,30.0
2022-07-14,0.52,0.52,0.51,0.51,5740.0
2022-07-15,0.52,0.52,0.51,0.51,3960.0
2022-07-18,0.52,0.52,0.52,0.52,30.0
2022-07-19,0.52,0.52,0.52,0.52,30.0
2022-07-20,0.48,0.52,0.48,0.52,530.0
2022-07-21,0.52,0.52,0.52,0.52,30.0
2022-07-22,0.52,0.52,0.52,0.52,30.0
2022-07-25,0.52,0.52,0.52,0.52,6910.0
2022-07-26,0.52,0.52,0.505,0.505,6560.0
2022-07-27,0.52,0.52,0.52,0.52,13250.0
2022-07-28,0.53,0.53,0.53,0.53,5370.0
2022-07-29,0.53,0.535,0.53,0.535,4900.0
2022-08-01,0.53,0.535,0.525,0.535,1420.0
2022-08-02,0.535,0.535,0.53,0.53,680.0
2022-08-03,0.525,0.535,0.525,0.535,1110.0
2022-08-04,0.53,0.53,0.53,0.53,0.0
2022-08-05,0.53,0.55,0.53,0.55,2280.0
2022-08-08,0.585,0.6,0.53,0.55,9660.0
2022-08-09,0.53,0.55,0.53,0.55,200.0
2022-08-11,0.535,0.535,0.535,0.535,30.0
2022-08-12,0.535,0.535,0.535,0.535,430.0
2022-08-16,0.535,0.535,0.535,0.535,30.0
2022-08-17,0.535,0.55,0.535,0.55,2230.0
2022-08-18,0.545,0.545,0.51,0.51,2810.0
2022-08-19,0.515,0.55,0.515,0.55,2660.0
2022-08-22,0.545,0.55,0.5,0.55,1270.0
2022-08-23,0.54,0.55,0.52,0.52,9480.0
2022-08-24,0.545,0.545,0.53,0.53,230.0
2022-08-25,0.53,0.53,0.53,0.53,30.0
2022-08-26,0.53,0.53,0.53,0.53,2830.0
2022-08-29,0.53,0.53,0.5,0.53,3520.0
2022-08-30,0.53,0.53,0.53,0.53,0.0
2022-08-31,0.53,0.53,0.51,0.53,1160.0
2022-09-01,0.53,0.53,0.5,0.5,2400.0
2022-09-02,0.53,0.53,0.49,0.49,600.0
2022-09-05,0.5,0.5,0.5,0.5,8580.0
2022-09-06,0.53,0.53,0.53,0.53,130.0
2022-09-07,0.53,0.53,0.492,0.494,13180.0
2022-09-08,0.496,0.496,0.496,0.496,30.0
2022-09-09,0.53,0.53,0.53,0.53,50.0
2022-09-12,0.53,0.53,0.492,0.492,16520.0
2022-09-13,0.5,0.5,0.5,0.5,530.0
2022-09-14,0.5,0.5,0.5,0.5,30.0
2022-09-15,0.5,0.5,0.5,0.5,1030.0
2022-09-16,0.5,0.5,0.5,0.5,80.0
2022-09-19,0.53,0.53,0.52,0.52,40.0
2022-09-20,0.52,0.52,0.47,0.52,470.0
2022-09-21,0.53,0.53,0.53,0.53,30.0
2022-09-22,0.53,0.53,0.53,0.53,30.0
2022-09-23,0.53,0.53,0.53,0.53,30.0
2022-09-26,0.53,0.53,0.53,0.53,30.0
2022-09-27,0.53,0.53,0.452,0.452,3030.0
2022-09-28,0.454,0.494,0.454,0.494,6030.0
2022-09-29,0.5,0.5,0.5,0.5,1030.0
2022-09-30,0.5,0.5,0.5,0.5,30.0
2022-10-03,0.5,0.5,0.5,0.5,30.0
2022-10-04,0.5,0.5,0.46,0.49,9030.0
2022-10-05,0.5,0.5,0.5,0.5,1030.0
2022-10-06,0.5,0.5,0.454,0.5,28280.0
2022-10-07,0.498,0.498,0.498,0.498,30.0
2022-10-10,0.49,0.498,0.462,0.498,2000.0
2022-10-11,0.498,0.498,0.498,0.498,830.0
2022-10-12,0.498,0.498,0.498,0.498,30.0
2022-10-13,0.498,0.498,0.498,0.498,30.0
2022-10-14,0.498,0.498,0.468,0.498,800.0
2022-10-17,0.498,0.498,0.498,0.498,30.0
2022-10-18,0.498,0.498,0.466,0.498,5740.0
2022-10-19,0.498,0.498,0.498,0.498,30.0
2022-10-20,0.498,0.498,0.466,0.498,8790.0
2022-10-21,0.498,0.498,0.498,0.498,30.0
2022-10-24,0.496,0.496,0.496,0.496,30.0
2022-10-25,0.498,0.498,0.46,0.498,7800.0
2022-10-26,0.498,0.498,0.498,0.498,30.0
2022-10-27,0.498,0.498,0.498,0.498,30.0
2022-10-28,0.498,0.498,0.498,0.498,30.0
2022-10-31,0.498,0.498,0.454,0.496,12610.0
2022-11-02,0.498,0.498,0.454,0.498,17200.0
2022-11-03,0.498,0.498,0.498,0.498,30.0
2022-11-04,0.498,0.498,0.454,0.498,3970.0
2022-11-07,0.498,0.498,0.454,0.488,10240.0
2022-11-08,0.488,0.488,0.46,0.488,5010.0
2022-11-09,0.488,0.488,0.488,0.488,30.0
2022-11-10,0.488,0.488,0.488,0.488,90.0
2022-11-14,0.488,0.488,0.47,0.47,950.0
2022-11-15,0.488,0.49,0.46,0.488,10030.0
2022-11-16,0.488,0.488,0.488,0.488,200.0
2022-11-17,0.488,0.488,0.488,0.488,30.0
2022-11-18,0.488,0.488,0.454,0.48,4230.0
2022-11-21,0.488,0.488,0.456,0.488,2070.0
2022-11-22,0.488,0.488,0.456,0.488,160.0
2022-11-23,0.488,0.488,0.454,0.488,5500.0
2022-11-24,0.488,0.535,0.454,0.5,22900.0
2022-11-25,0.52,0.52,0.452,0.51,870.0
2022-11-28,0.54,0.54,0.454,0.496,2230.0
2022-11-29,0.48,0.62,0.48,0.5,77560.0
2022-11-30,0.56,0.57,0.5,0.5,68360.0
2022-12-01,0.5,0.5,0.472,0.472,35210.0
2022-12-02,0.474,0.515,0.474,0.515,210.0
2022-12-05,0.515,0.515,0.515,0.515,4230.0
2022-12-06,0.5,0.5,0.486,0.486,1820.0
2022-12-07,0.5,0.5,0.5,0.5,21230.0
2022-12-08,0.525,0.525,0.525,0.525,20.0
2022-12-09,0.525,0.525,0.525,0.525,1170.0
2022-12-12,0.525,0.525,0.525,0.525,20.0
2022-12-13,0.525,0.525,0.5,0.5,30.0
2022-12-14,0.5,0.51,0.474,0.51,1350.0
2022-12-15,0.5,0.5,0.474,0.49,11970.0
2022-12-16,0.498,0.498,0.45,0.47,18980.0
2022-12-19,0.48,0.48,0.47,0.48,9490.0
2022-12-20,0.496,0.496,0.496,0.496,20.0
2022-12-21,0.494,0.494,0.452,0.48,1220.0
2022-12-22,0.484,0.484,0.48,0.48,1010.0
2022-12-23,0.48,0.48,0.48,0.48,0.0
2022-12-27,0.478,0.48,0.47,0.47,37070.0
2022-12-28,0.47,0.47,0.45,0.45,25990.0
2022-12-29,0.47,0.47,0.47,0.47,20.0
2022-12-30,0.468,0.468,0.43,0.45,28020.0
2023-01-02,0.46,0.46,0.44,0.44,6520.0
2023-01-03,0.46,0.46,0.45,0.45,3760.0
2023-01-04,0.446,0.59,0.43,0.59,165800.0
2023-01-05,0.6,0.65,0.54,0.55,314900.0
2023-01-09,0.55,0.56,0.51,0.525,13370.0
2023-01-10,0.53,0.57,0.51,0.535,18190.0
2023-01-11,0.56,0.56,0.525,0.525,7060.0
2023-01-12,0.55,0.55,0.52,0.52,1210.0
2023-01-13,0.55,0.55,0.5,0.55,15020.0
2023-01-16,0.57,0.57,0.55,0.55,9000.0
2023-01-17,0.565,0.565,0.52,0.52,2690.0
2023-01-18,0.545,0.56,0.545,0.56,2550.0
2023-01-19,0.56,0.565,0.535,0.535,3250.0
2023-01-20,0.54,0.54,0.5,0.51,22880.0
2023-01-23,0.54,0.54,0.486,0.5,63290.0
2023-01-24,0.5,0.5,0.48,0.486,41270.0
2023-01-25,0.488,0.49,0.488,0.49,44350.0
2023-01-26,0.488,0.488,0.488,0.488,1020.0
2023-01-27,0.488,0.488,0.468,0.478,24180.0
2023-01-30,0.486,0.525,0.48,0.51,28740.0
2023-01-31,0.525,0.555,0.5,0.5,84280.0
2023-02-01,0.498,0.498,0.498,0.498,3010.0
2023-02-02,0.498,0.51,0.498,0.5,4790.0
2023-02-03,0.535,0.535,0.535,0.535,2840.0
2023-02-06,0.545,0.555,0.515,0.55,16450.0
2023-02-07,0.55,0.55,0.5,0.5,6930.0
2023-02-08,0.5,0.525,0.5,0.505,6910.0
2023-02-09,0.505,0.545,0.505,0.51,1350.0
2023-02-10,0.505,0.505,0.505,0.505,16940.0
2023-02-13,0.505,0.505,0.505,0.505,20.0
2023-02-14,0.505,0.505,0.505,0.505,3000.0
2023-02-15,0.53,0.53,0.53,0.53,620.0
2023-02-16,0.53,0.53,0.51,0.515,14860.0
2023-02-17,0.525,0.525,0.51,0.51,11880.0
2023-02-20,0.525,0.525,0.52,0.52,3590.0
2023-02-21,0.52,0.52,0.52,0.52,1150.0
2023-02-22,0.525,0.525,0.51,0.51,1070.0
2023-02-23,0.51,0.51,0.51,0.51,2009.9999999999998
2023-02-24,0.525,0.54,0.51,0.51,4990.0
2023-02-27,0.515,0.515,0.515,0.515,20.0
2023-02-28,0.525,0.54,0.525,0.525,5040.0
2023-03-01,0.535,0.535,0.52,0.52,1020.0
2023-03-02,0.52,0.52,0.52,0.52,10600.0
2023-03-03,0.52,0.52,0.505,0.505,3000.0
2023-03-06,0.535,0.535,0.5,0.5,2220.0
2023-03-07,0.5,0.5,0.5,0.5,1020.0
2023-03-08,0.505,0.505,0.505,0.505,20.0
2023-03-09,0.51,0.535,0.51,0.535,14490.0
2023-03-10,0.535,0.535,0.535,0.535,140.0
2023-03-13,0.535,0.535,0.52,0.52,5090.0
2023-03-14,0.52,0.52,0.52,0.52,30.0
2023-03-15,0.52,0.535,0.52,0.52,16980.0
2023-03-16,0.52,0.53,0.505,0.505,90.0
2023-03-17,0.505,0.505,0.476,0.476,13680.0
2023-03-20,0.488,0.5,0.488,0.5,47640.0
2023-03-21,0.498,0.498,0.47,0.498,22740.0
2023-03-22,0.496,0.496,0.48,0.48,3040.0
2023-03-23,0.494,0.494,0.494,0.494,2020.0
2023-03-24,0.492,0.492,0.49,0.49,2440.0
2023-03-27,0.49,0.492,0.47,0.492,1200.0
2023-03-28,0.492,0.492,0.492,0.492,10.0
2023-03-29,0.492,0.492,0.47,0.47,990.0
2023-03-30,0.47,0.484,0.47,0.484,250.0
2023-03-31,0.47,0.484,0.47,0.484,70.0
2023-04-03,0.496,0.496,0.496,0.496,110.0
2023-04-04,0.494,0.494,0.494,0.494,20.0
2023-04-05,0.494,0.494,0.494,0.494,20.0
2023-04-06,0.494,0.494,0.48,0.49,14130.0
2023-04-11,0.48,0.48,0.48,0.48,200.0
2023-04-12,0.48,0.48,0.48,0.48,1270.0
2023-04-13,0.48,0.48,0.48,0.48,20.0
2023-04-14,0.48,0.482,0.48,0.482,3020.0
2023-04-17,0.48,0.48,0.48,0.48,1450.0
2023-04-18,0.48,0.496,0.48,0.496,34830.0
2023-04-19,0.496,0.496,0.496,0.496,20.0
2023-04-20,0.496,0.496,0.496,0.496,20.0
2023-04-21,0.496,0.496,0.47,0.47,1520.0
2023-04-24,0.474,0.474,0.474,0.474,20.0
2023-04-25,0.476,0.494,0.476,0.494,2050.0
2023-04-26,0.49,0.49,0.488,0.488,40.0
2023-04-27,0.488,0.488,0.488,0.488,1020.0
2023-04-28,0.49,0.49,0.452,0.47,20790.0
2023-05-02,0.482,0.5,0.474,0.474,9310.0
2023-05-04,0.474,0.5,0.474,0.5,150.0
2023-05-05,0.52,0.52,0.49,0.49,3390.0
2023-05-08,0.49,0.49,0.49,0.49,20.0
2023-05-09,0.505,0.505,0.505,0.505,990.0
2023-05-10,0.505,0.505,0.505,0.505,0.0
2023-05-11,0.52,0.52,0.51,0.51,5030.0
2023-05-12,0.51,0.51,0.51,0.51,300.0
2023-05-15,0.5,0.5,0.478,0.49,15410.0
2023-05-16,0.5,0.5,0.5,0.5,40.0
2023-05-17,0.5,0.5,0.5,0.5,70.0
2023-05-18,0.5,0.51,0.48,0.48,11270.0
2023-05-19,0.48,0.48,0.478,0.48,43570.0
2023-05-22,0.478,0.478,0.478,0.478,580.0
2023-05-23,0.478,0.48,0.478,0.48,520.0
2023-05-24,0.48,0.48,0.45,0.45,8950.0
2023-05-25,0.45,0.47,0.436,0.47,25380.0
2023-05-26,0.468,0.468,0.468,0.468,160.0
2023-05-29,0.468,0.468,0.468,0.468,3880.0
2023-05-30,0.47,0.47,0.47,0.47,1100.0
2023-05-31,0.47,0.47,0.47,0.47,3280.0
2023-06-01,0.47,0.47,0.47,0.47,1400.0
2023-06-02,0.47,0.47,0.458,0.458,520.0
2023-06-05,0.47,0.47,0.47,0.47,4360.0
2023-06-06,0.47,0.47,0.454,0.454,4019.9999999999995
2023-06-07,0.456,0.47,0.456,0.47,7080.0
2023-06-09,0.456,0.458,0.456,0.456,9100.0
2023-06-12,0.456,0.5,0.456,0.456,6190.0
2023-06-13,0.456,0.456,0.456,0.456,1020.0
2023-06-14,0.46,0.5,0.46,0.498,3530.0
2023-06-15,0.496,0.496,0.496,0.496,100.0
2023-06-16,0.496,0.496,0.496,0.496,20.0
2023-06-19,0.462,0.498,0.462,0.496,12150.0
2023-06-20,0.5,0.5,0.498,0.498,10120.0
2023-06-21,0.498,0.498,0.472,0.472,120.0
2023-06-22,0.472,0.482,0.472,0.482,8940.0
2023-06-23,0.498,0.498,0.498,0.498,20.0
2023-06-26,0.488,0.488,0.48,0.48,1050.0
2023-06-27,0.48,0.48,0.48,0.48,20200.0
2023-06-28,0.48,0.48,0.48,0.48,20.0
2023-06-29,0.48,0.48,0.48,0.48,12520.0
2023-06-30,0.48,0.48,0.47,0.48,1430.0
2023-07-03,0.486,0.486,0.462,0.462,1440.0
2023-07-04,0.464,0.464,0.464,0.464,0.0
2023-07-05,0.48,0.48,0.48,0.48,60.0
2023-07-06,0.48,0.48,0.48,0.48,0.0
2023-07-07,0.48,0.48,0.48,0.48,0.0
2023-07-10,0.48,0.48,0.48,0.48,4019.9999999999995
2023-07-11,0.496,0.496,0.496,0.496,20.0
2023-07-12,0.496,0.496,0.49,0.49,420.0
2023-07-13,0.496,0.496,0.496,0.496,20.0
2023-07-14,0.464,0.476,0.444,0.476,54650.0
2023-07-17,0.476,0.476,0.45,0.45,39240.0
2023-07-18,0.474,0.474,0.432,0.438,18940.0
2023-07-19,0.438,0.468,0.43,0.43,71260.0
2023-07-20,0.43,0.436,0.41,0.41,70240.0
2023-07-21,0.42,0.438,0.402,0.43,52180.0
2023-07-24,0.438,0.438,0.432,0.438,16239.999999999998
2023-07-25,0.438,0.438,0.43,0.436,16160.0
2023-07-26,0.436,0.436,0.422,0.422,3020.0
2023-07-27,0.426,0.432,0.42,0.432,22960.0
2023-07-28,0.432,0.44,0.432,0.44,4690.0
2023-07-31,0.44,0.444,0.4,0.4,75650.0
2023-08-01,0.42,0.46,0.396,0.456,171050.0
2023-08-02,0.454,0.456,0.42,0.446,21780.0
2023-08-03,0.444,0.444,0.408,0.424,4440.0
2023-08-04,0.424,0.44,0.414,0.438,23790.0
2023-08-07,0.438,0.438,0.416,0.428,39700.0
2023-08-08,0.448,0.448,0.44,0.44,7670.0
2023-08-09,0.458,0.458,0.444,0.452,21340.0
2023-08-10,0.452,0.452,0.452,0.452,6870.0
2023-08-11,0.452,0.452,0.436,0.436,1020.0
2023-08-14,0.458,0.458,0.424,0.444,5210.0
2023-08-16,0.446,0.446,0.424,0.438,27600.0
2023-08-17,0.438,0.438,0.424,0.424,3040.0
2023-08-18,0.424,0.44,0.424,0.44,4810.0
2023-08-21,0.45,0.46,0.426,0.458,240.0
2023-08-22,0.426,0.448,0.426,0.448,2770.0
2023-08-23,0.448,0.448,0.448,0.448,90.0
2023-08-24,0.448,0.448,0.432,0.432,4000.0
2023-08-25,0.434,0.45,0.424,0.424,37280.0
2023-08-28,0.424,0.44,0.424,0.44,7750.0
2023-08-29,0.44,0.44,0.44,0.44,0.0
2023-08-30,0.438,0.438,0.428,0.438,4350.0
2023-08-31,0.436,0.436,0.424,0.43,7200.0
2023-09-01,0.434,0.444,0.424,0.43,10040.0
2023-09-04,0.43,0.43,0.426,0.43,4700.0
2023-09-05,0.438,0.438,0.42,0.42,38550.0
2023-09-06,0.42,0.44,0.42,0.438,1030.0
2023-09-07,0.438,0.438,0.416,0.434,18140.0
2023-09-08,0.434,0.434,0.434,0.434,2330.0
2023-09-11,0.436,0.45,0.436,0.45,70.0
2023-09-12,0.448,0.45,0.448,0.45,2720.0
2023-09-13,0.45,0.45,0.45,0.45,140.0
2023-09-14,0.45,0.45,0.44,0.44,330.0
2023-09-15,0.44,0.44,0.44,0.44,240.0
2023-09-18,0.44,0.44,0.432,0.432,2400.0
2023-09-19,0.432,0.432,0.432,0.432,20.0
2023-09-20,0.432,0.432,0.432,0.432,20.0
2023-09-21,0.432,0.432,0.432,0.432,20.0
2023-09-22,0.432,0.448,0.432,0.448,520.0
2023-09-25,0.448,0.448,0.448,0.448,20.0
2023-09-26,0.448,0.448,0.448,0.448,20.0
2023-09-27,0.448,0.448,0.424,0.446,260.0
2023-09-28,0.446,0.446,0.418,0.422,9830.0
2023-09-29,0.422,0.422,0.36,0.376,99720.0
2023-10-02,0.38,0.414,0.38,0.41,11750.0
2023-10-03,0.41,0.41,0.41,0.41,3400.0
2023-10-04,0.39,0.408,0.39,0.408,6380.0
2023-10-05,0.408,0.408,0.352,0.36,15700.0
2023-10-06,0.36,0.394,0.334,0.394,61150.0
2023-10-09,0.344,0.378,0.344,0.378,7380.0
2023-10-10,0.38,0.38,0.354,0.38,22230.0
2023-10-11,0.38,0.38,0.356,0.38,5770.0
2023-10-12,0.358,0.378,0.356,0.378,4070.0000000000005
2023-10-13,0.38,0.38,0.352,0.354,19600.0
2023-10-16,0.38,0.382,0.35,0.382,15990.0
2023-10-17,0.35,0.37,0.35,0.352,6800.0
2023-10-18,0.35,0.35,0.344,0.344,12310.0
2023-10-19,0.368,0.368,0.348,0.36,5530.0
2023-10-20,0.346,0.358,0.336,0.358,17640.0
2023-10-23,0.358,0.358,0.33,0.336,18810.0
2023-10-24,0.354,0.354,0.354,0.354,1270.0
2023-10-25,0.338,0.344,0.328,0.328,10890.0
2023-10-26,0.328,0.34,0.328,0.338,25460.0
2023-10-27,0.332,0.334,0.328,0.328,11050.0
2023-10-30,0.328,0.336,0.3,0.33,27470.0
2023-10-31,0.326,0.336,0.326,0.33,8600.0
2023-11-02,0.34,0.34,0.336,0.338,1250.0
2023-11-03,0.336,0.336,0.336,0.336,4240.0
2023-11-06,0.338,0.354,0.33,0.332,1270.0
2023-11-07,0.34,0.34,0.332,0.332,1750.0
2023-11-08,0.338,0.35,0.332,0.332,2820.0
2023-11-09,0.332,0.332,0.332,0.332,3000.0
2023-11-13,0.35,0.35,0.3,0.32,59100.0
2023-11-14,0.35,0.356,0.35,0.356,2960.0
2023-11-15,0.356,0.356,0.328,0.356,11120.0
2023-11-16,0.33,0.356,0.33,0.356,2060.0
2023-11-17,0.356,0.36,0.34,0.358,14100.0
2023-11-20,0.334,0.334,0.33,0.33,880.0
2023-11-21,0.354,0.36,0.33,0.33,14280.0
2023-11-22,0.33,0.398,0.326,0.328,124570.0
2023-11-23,0.326,0.326,0.302,0.322,25800.0
2023-11-24,0.312,0.32,0.31,0.316,33000.0
2023-11-27,0.316,0.346,0.316,0.346,25110.0
2023-11-28,0.344,0.388,0.344,0.37,84680.0
2023-11-29,0.368,0.37,0.36,0.36,38040.0
2023-11-30,0.36,0.368,0.324,0.364,9000.0
2023-12-01,0.36,0.396,0.36,0.39,104410.0
2023-12-04,0.392,0.4,0.366,0.4,88580.0
2023-12-05,0.4,0.4,0.4,0.4,2250.0
2023-12-06,0.4,0.4,0.38,0.382,5520.0
2023-12-07,0.382,0.4,0.382,0.382,14870.0
2023-12-08,0.382,0.408,0.38,0.38,6390.0
2023-12-11,0.38,0.4,0.38,0.388,18650.0
2023-12-12,0.4,0.42,0.38,0.38,25400.0
2023-12-13,0.398,0.418,0.386,0.386,5730.0
2023-12-14,0.42,0.5,0.42,0.454,233720.0
2023-12-15,0.454,0.47,0.41,0.47,100870.0
2023-12-18,0.468,0.49,0.43,0.49,63190.0
2023-12-19,0.48,0.49,0.47,0.48,39220.0
2023-12-20,0.46,0.48,0.426,0.48,11670.0
2023-12-21,0.47,0.47,0.454,0.47,1510.0
2023-12-22,0.47,0.47,0.44,0.44,1890.0
2023-12-27,0.45,0.47,0.426,0.426,8260.0
2023-12-28,0.46,0.46,0.43,0.43,1040.0
2023-12-29,0.428,0.428,0.402,0.41,24220.0
2024-01-02,0.41,0.41,0.4,0.402,18260.0
2024-01-03,0.4,0.4,0.39,0.392,6100.0
2024-01-05,0.392,0.392,0.36,0.392,18450.0
2024-01-08,0.37,0.382,0.354,0.382,69230.0
2024-01-09,0.39,0.39,0.38,0.388,1110.0
2024-01-10,0.38,0.38,0.378,0.38,16129.999999999998
2024-01-11,0.372,0.382,0.372,0.382,7640.0
2024-01-12,0.388,0.39,0.372,0.39,3680.0
2024-01-15,0.39,0.39,0.39,0.39,3570.0
2024-01-16,0.372,0.38,0.372,0.38,2740.0
2024-01-17,0.38,0.38,0.368,0.38,1820.0
2024-01-18,0.368,0.38,0.36,0.37,2930.0
2024-01-19,0.37,0.4,0.362,0.4,6070.0
2024-01-22,0.372,0.4,0.372,0.398,11710.0
2024-01-23,0.398,0.398,0.398,0.398,1050.0
2024-01-24,0.39,0.396,0.39,0.396,3470.0
2024-01-26,0.39,0.396,0.374,0.396,5500.0
2024-01-29,0.376,0.376,0.374,0.374,19000.0
2024-01-30,0.374,0.374,0.372,0.372,8109.999999999999
2024-01-31,0.372,0.388,0.372,0.388,3840.0
2024-02-01,0.384,0.384,0.38,0.38,5000.0
2024-02-02,0.376,0.376,0.376,0.376,1490.0
2024-02-05,0.38,0.384,0.38,0.384,760.0
2024-02-06,0.384,0.384,0.382,0.382,2000.0
2024-02-07,0.382,0.388,0.382,0.388,2120.0
2024-02-08,0.38,0.38,0.38,0.38,530.0
2024-02-09,0.38,0.38,0.37,0.37,2310.0
2024-02-12,0.37,0.39,0.37,0.39,14990.0
2024-02-13,0.386,0.386,0.386,0.386,5790.0
2024-02-14,0.386,0.386,0.386,0.386,30.0
2024-02-15,0.386,0.386,0.386,0.386,790.0
2024-02-19,0.384,0.384,0.384,0.384,5010.0
2024-02-20,0.384,0.384,0.384,0.384,5460.0
2024-02-21,0.368,0.388,0.368,0.388,17440.0
2024-02-26,0.388,0.4,0.388,0.4,15740.0
2024-02-27,0.372,0.4,0.372,0.398,1480.0
2024-02-28,0.398,0.4,0.398,0.4,600.0
2024-02-29,0.378,0.38,0.378,0.38,1370.0
2024-03-01,0.396,0.4,0.374,0.374,14320.0
2024-03-04,0.38,0.41,0.38,0.41,2310.0
2024-03-05,0.41,0.41,0.4,0.4,3310.0
2024-03-06,0.408,0.41,0.374,0.408,9280.0
2024-03-07,0.408,0.408,0.408,0.408,110.0
2024-03-08,0.404,0.404,0.378,0.4,2380.0
2024-03-11,0.38,0.396,0.37,0.386,10480.0
2024-03-12,0.384,0.384,0.384,0.384,60.0
2024-03-13,0.37,0.38,0.37,0.38,14010.0
2024-03-14,0.378,0.378,0.378,0.378,1000.0
2024-03-15,0.378,0.378,0.374,0.376,800.0
2024-03-18,0.37,0.37,0.354,0.36,20890.0
2024-03-19,0.362,0.372,0.36,0.372,4680.0
2024-03-20,0.366,0.37,0.366,0.37,60.0
2024-03-21,0.362,0.368,0.36,0.368,3220.0
2024-03-22,0.36,0.36,0.36,0.36,1000.0
2024-03-26,0.362,0.362,0.36,0.362,430.0
2024-03-27,0.36,0.36,0.34,0.344,32390.0
2024-03-28,0.344,0.368,0.328,0.358,27740.0
2024-04-03,0.34,0.34,0.34,0.34,560.0
2024-04-04,0.33,0.33,0.33,0.33,10240.0
2024-04-05,0.33,0.35,0.33,0.35,7730.0
2024-04-08,0.332,0.332,0.332,0.332,900.0
2024-04-09,0.332,0.332,0.332,0.332,20900.0
2024-04-10,0.332,0.332,0.332,0.332,970.0
2024-04-11,0.338,0.348,0.338,0.348,3880.0
2024-04-12,0.34,0.34,0.34,0.34,1000.0
2024-04-15,0.338,0.338,0.338,0.338,4200.0
2024-04-16,0.324,0.358,0.324,0.358,11790.0
2024-04-17,0.33,0.33,0.33,0.33,11110.0
2024-04-18,0.334,0.334,0.334,0.334,10.0
2024-04-19,0.334,0.334,0.334,0.334,220.0
2024-04-23,0.33,0.356,0.33,0.356,6310.0
2024-04-24,0.346,0.346,0.346,0.346,170.0
2024-04-25,0.328,0.34,0.328,0.34,31280.0
2024-04-26,0.33,0.33,0.33,0.33,3900.0
2024-04-29,0.332,0.332,0.332,0.332,1000.0
2024-04-30,0.32,0.32,0.32,0.32,2000.0
2024-05-02,0.32,0.32,0.32,0.32,3010.0
2024-05-06,0.32,0.32,0.32,0.32,130.0
2024-05-08,0.3,0.3,0.3,0.3,25000.0
2024-05-09,0.33,0.33,0.31,0.31,6470.0
2024-05-10,0.31,0.31,0.31,0.31,5710.0
2024-05-14,0.29,0.29,0.29,0.29,6970.0
2024-05-15,0.294,0.294,0.294,0.294,5500.0
2024-05-16,0.29,0.29,0.284,0.284,23500.0
2024-05-17,0.284,0.284,0.28,0.28,9910.0
2024-05-20,0.266,0.266,0.266,0.266,7000.0
2024-05-21,0.25,0.25,0.25,0.25,55910.0
2024-05-22,0.242,0.242,0.242,0.242,36100.0
2024-05-23,0.25,0.25,0.25,0.25,10790.0
2024-05-24,0.25,0.25,0.25,0.25,13000.0
2024-05-27,0.256,0.256,0.256,0.256,5000.0
2024-05-28,0.254,0.254,0.25,0.25,26750.0
2024-05-29,0.242,0.242,0.242,0.242,3000.0
2024-05-31,0.238,0.238,0.236,0.236,11750.0
2024-06-03,0.244,0.244,0.244,0.244,6000.0
2024-06-04,0.24,0.24,0.24,0.24,2000.0
2024-06-05,0.25,0.25,0.246,0.246,9500.0
2024-06-06,0.246,0.246,0.246,0.246,3100.0
2024-06-07,0.24,0.24,0.24,0.24,170.0
2024-06-11,0.24,0.24,0.24,0.24,4600.0
2024-06-14,0.25,0.25,0.25,0.25,7000.0
2024-06-19,0.24,0.24,0.24,0.24,7780.0
2024-06-20,0.246,0.3,0.246,0.3,8250.0
2024-06-21,0.3,0.3,0.3,0.3,6560.0
2024-06-24,0.3,0.3,0.3,0.3,19000.0
2024-06-25,0.326,0.326,0.326,0.326,8850.0
2024-06-26,0.326,0.326,0.326,0.326,440.0
2024-06-27,0.27,0.27,0.27,0.27,10000.0
2024-06-28,0.272,0.31,0.272,0.31,2530.0
2024-07-01,0.274,0.322,0.274,0.322,915580.0
2024-07-02,0.33,0.39,0.33,0.39,56150.0
2024-07-03,0.39,0.39,0.39,0.39,96580.0
2024-07-04,0.33,0.386,0.33,0.386,11260.0
2024-07-05,0.386,0.386,0.386,0.386,1000.0
2024-07-08,0.364,0.364,0.364,0.364,7840.0
2024-07-09,0.362,0.362,0.348,0.348,960.0
2024-07-10,0.348,0.348,0.348,0.348,20400.0
2024-07-11,0.362,0.386,0.362,0.386,39290.0
2024-07-12,0.372,0.38,0.372,0.38,10710.0
2024-07-15,0.37,0.37,0.37,0.37,3220.0
2024-07-16,0.378,0.394,0.378,0.392,70160.0
2024-07-17,0.392,0.4,0.374,0.4,6900.0
2024-07-18,0.398,0.398,0.376,0.398,950.0
2024-07-19,0.398,0.398,0.372,0.372,3140.0
2024-07-22,0.374,0.376,0.374,0.376,1030.0
2024-07-23,0.386,0.398,0.386,0.398,57370.0
2024-07-24,0.4,0.4,0.39,0.39,930.0
2024-07-25,0.396,0.396,0.374,0.374,23320.0
2024-07-26,0.374,0.386,0.374,0.386,0.0
2024-07-29,0.386,0.386,0.386,0.386,250.0
2024-07-30,0.386,0.386,0.386,0.386,60.0
2024-07-31,0.376,0.376,0.37,0.37,59730.0
2024-08-01,0.378,0.378,0.37,0.37,3350.0
2024-08-02,0.386,0.406,0.372,0.406,85330.0
2024-08-05,0.406,0.406,0.404,0.404,1540.0
2024-08-06,0.404,0.404,0.372,0.372,20680.0
2024-08-07,0.372,0.372,0.372,0.372,30.0
2024-08-08,0.372,0.394,0.362,0.362,460.0
2024-08-12,0.362,0.376,0.362,0.376,100.0
2024-08-13,0.374,0.374,0.374,0.374,30.0
2024-08-14,0.374,0.374,0.354,0.354,4280.0
2024-08-16,0.372,0.382,0.36,0.36,9790.0
2024-08-19,0.382,0.384,0.36,0.36,1810.0
2024-08-20,0.36,0.384,0.36,0.384,1480.0
2024-08-21,0.382,0.47,0.38,0.47,94050.0
2024-08-22,0.5,0.59,0.48,0.59,477880.0
2024-08-23,0.58,0.58,0.43,0.452,376750.0
2024-08-26,0.454,0.488,0.41,0.42,54080.0
2024-08-27,0.422,0.442,0.406,0.408,29750.0
2024-08-28,0.4,0.438,0.366,0.434,48910.0
2024-08-29,0.436,0.452,0.41,0.428,9750.0
2024-08-30,0.46,0.468,0.432,0.468,22020.0
2024-09-02,0.468,0.468,0.426,0.442,16260.000000000002
2024-09-03,0.442,0.454,0.42,0.444,17380.0
2024-09-04,0.452,0.452,0.422,0.45,14310.0
2024-09-05,0.448,0.456,0.422,0.426,25050.0
2024-09-06,0.426,0.428,0.412,0.428,18350.0
2024-09-09,0.428,0.446,0.428,0.428,7440.0
2024-09-10,0.444,0.444,0.408,0.418,13840.0
2024-09-11,0.418,0.438,0.41,0.438,3320.0
2024-09-12,0.44,0.44,0.414,0.432,11940.0
2024-09-13,0.432,0.438,0.412,0.42,8210.0
2024-09-16,0.422,0.438,0.422,0.428,3550.0
2024-09-17,0.43,0.43,0.41,0.428,6580.0
2024-09-18,0.428,0.428,0.388,0.39,57420.0
2024-09-19,0.39,0.48,0.39,0.48,148490.0
2024-09-20,0.51,0.56,0.478,0.5,188330.0
2024-09-23,0.53,0.61,0.525,0.59,150770.0
2024-09-24,0.59,0.59,0.555,0.575,24310.0
2024-09-25,0.575,0.575,0.476,0.5,113870.0
2024-09-26,0.52,0.535,0.476,0.52,17770.0
2024-09-27,0.52,0.52,0.44,0.464,116530.0
2024-09-30,0.464,0.5,0.46,0.46,12470.0
2024-10-01,0.492,0.492,0.456,0.488,320.0
2024-10-02,0.488,0.488,0.444,0.444,16110.0
2024-10-03,0.464,0.464,0.408,0.444,28460.0
2024-10-04,0.444,0.448,0.426,0.426,15870.0
2024-10-07,0.426,0.446,0.426,0.446,3820.0
2024-10-08,0.446,0.448,0.382,0.4,24350.0
2024-10-09,0.4,0.41,0.382,0.41,4900.0
2024-10-10,0.43,0.43,0.4,0.414,5800.0
2024-10-11,0.418,0.42,0.382,0.408,7490.0
2024-10-14,0.424,0.52,0.422,0.52,87600.0
2024-10-15,0.515,0.705,0.51,0.705,410030.0
2024-10-16,0.84,0.92,0.76,0.92,607450.0
2024-10-17,1.03,1.18,0.95,1.18,571560.0
2024-10-18,1.56,1.56,1.56,1.56,50380.0
2024-10-21,1.98,1.98,1.35,1.35,282480.0
2024-10-22,1.16,1.64,1.15,1.64,949560.0
2024-10-23,1.7,2.04,1.65,1.84,1010000.0
2024-10-24,2.3,2.3,1.94,2.1,687540.0
2024-10-25,2.02,2.1,1.85,1.91,393400.0
2024-10-28,1.92,1.97,1.72,1.72,349690.0
2024-10-29,1.72,2.06,1.55,1.71,817590.0
2024-10-30,1.75,1.85,1.3,1.3,763170.0
2024-10-31,1.32,1.45,1.14,1.18,640380.0
2024-11-04,1.2,1.25,1.11,1.14,292250.0
2024-11-05,1.13,1.33,1.12,1.18,382240.0
2024-11-06,1.23,1.27,1.18,1.19,141930.0
2024-11-07,1.19,1.47,1.19,1.4,505290.0
2024-11-08,1.45,1.67,1.42,1.48,742850.0
2024-11-12,1.5,1.6,1.36,1.4,291870.0
2024-11-13,1.36,1.44,1.25,1.3,232940.0
2024-11-14,1.3,1.37,1.2,1.25,112780.0
2024-11-15,1.23,1.31,1.2,1.3,80710.0
2024-11-18,1.29,1.29,1.2,1.24,97580.0
2024-11-19,1.14,1.2,1.04,1.1,129759.99999999999
2024-11-20,1.1,1.21,1.05,1.14,169720.0
2024-11-21,1.16,1.19,1.1,1.12,64640.0
2024-11-22,1.12,1.15,1.1,1.11,41840.0
2024-11-25,1.15,1.19,1.1,1.12,77760.0
2024-11-26,1.12,1.15,1.12,1.14,21710.0
2024-11-27,1.13,1.15,1.09,1.14,49020.0
2024-11-28,1.13,1.13,1.09,1.12,33960.0
2024-11-29,1.12,1.12,1.06,1.07,46740.0
2024-12-02,1.06,1.12,0.99,1.02,72490.0
2024-12-03,1.04,1.04,0.94,0.97,66090.0
2024-12-04,0.99,1.07,0.865,1.05,359310.0
2024-12-05,0.99,1.08,0.945,1.0,200360.0
2024-12-06,0.995,0.995,0.91,0.92,83660.0
2024-12-09,0.91,0.91,0.82,0.85,77900.0
2024-12-10,0.84,0.85,0.775,0.835,138920.0
2024-12-11,0.825,0.825,0.79,0.815,10510.0
2024-12-12,0.82,0.82,0.755,0.775,23120.0
2024-12-13,0.775,0.775,0.71,0.745,35760.0
2024-12-16,0.76,0.76,0.685,0.7,111060.0
2024-12-17,0.695,0.91,0.695,0.91,350730.0
2024-12-18,0.985,1.16,0.94,1.03,571860.0
2024-12-19,1.03,1.07,0.92,0.94,133890.0
2024-12-20,0.94,0.97,0.86,0.935,120300.0
2024-12-23,0.93,0.93,0.85,0.86,46140.0
2024-12-27,0.85,0.9,0.85,0.85,25720.0
2024-12-30,0.8,0.83,0.77,0.795,158540.0
2025-01-02,0.785,0.86,0.745,0.825,108960.0
2025-01-03,0.83,0.88,0.78,0.825,92470.0
2025-01-07,0.825,1.09,0.825,1.09,383640.0
2025-01-08,1.2,1.21,0.97,0.97,376780.0
2025-01-09,1.0,1.21,0.965,1.2,204780.0
2025-01-10,1.42,1.48,1.25,1.32,986970.0
2025-01-13,1.3,1.33,1.1,1.19,425790.0
2025-01-14,1.2,1.45,1.1,1.34,767750.0
2025-01-15,1.34,1.44,1.3,1.37,316560.0
2025-01-16,1.37,1.37,1.25,1.29,186780.0
2025-01-17,1.29,1.29,1.23,1.23,54980.0
2025-01-20,1.23,1.37,1.21,1.25,144040.0
2025-01-21,1.25,1.34,1.24,1.25,64769.99999999999
2025-01-22,1.24,1.29,1.22,1.24,67420.0
2025-01-23,1.24,1.24,1.18,1.23,38950.0
2025-01-24,1.22,1.25,1.17,1.19,60550.0
2025-01-27,1.19,1.2,1.15,1.17,31530.0
2025-01-28,1.17,1.21,1.11,1.16,70560.0
2025-01-29,1.16,1.21,1.11,1.17,75190.0
2025-01-30,1.16,1.23,1.1,1.16,71990.0
2025-01-31,1.15,1.15,1.12,1.14,21630.0
2025-02-03,1.18,1.18,1.15,1.15,30010.0
2025-02-04,1.17,1.18,1.12,1.14,12130.0
2025-02-05,1.16,1.16,1.12,1.15,11110.0
2025-02-06,1.15,1.18,1.1,1.13,35360.0
2025-02-07,1.13,1.13,1.07,1.1,21090.0
2025-02-10,1.1,1.14,1.05,1.14,61320.0
2025-02-11,1.14,1.21,1.08,1.1,135790.0
2025-02-12,1.12,1.35,1.12,1.35,718830.0
2025-02-13,1.41,1.42,1.21,1.25,524140.0
2025-02-14,1.26,1.37,1.23,1.27,264990.0
2025-02-17,1.31,1.32,1.24,1.24,110690.0
2025-02-18,1.24,1.25,1.17,1.2,104710.0
2025-02-19,1.2,1.29,1.2,1.26,58420.0
2025-02-20,1.26,1.36,1.21,1.28,174630.0
2025-02-21,1.28,1.43,1.2,1.23,555420.0
2025-02-24,1.23,1.26,1.2,1.23,54620.0
2025-02-25,1.22,1.23,1.2,1.23,10400.0
2025-02-26,1.23,1.24,1.2,1.23,50230.0
2025-02-27,1.23,1.23,1.18,1.2,50140.0
2025-02-28,1.2,1.2,1.14,1.18,30070.0
2025-03-03,1.16,1.18,1.14,1.17,19770.0
2025-03-04,1.17,1.17,1.1,1.13,31440.0
2025-03-05,1.12,1.2,1.1,1.17,69270.0
2025-03-06,1.2,1.3,1.2,1.23,156190.0
2025-03-07,1.21,1.23,1.18,1.21,7830.0
2025-03-10,1.21,1.22,1.16,1.16,23430.0
2025-03-11,1.17,1.18,1.16,1.16,9950.0
2025-03-12,1.15,1.19,1.13,1.14,32200.000000000004
2025-03-13,1.13,1.18,1.13,1.16,22460.0
2025-03-14,1.18,1.18,1.14,1.14,10380.0
2025-03-17,1.15,1.21,1.15,1.21,14590.0
2025-03-18,1.21,1.21,1.17,1.2,5000.0
2025-03-19,1.17,1.18,1.17,1.18,6020.0
2025-03-20,1.19,1.19,1.17,1.17,2790.0
2025-03-21,1.17,1.22,1.14,1.19,18640.0
2025-03-24,1.18,1.19,1.14,1.19,19950.0
2025-03-25,1.17,1.17,1.14,1.16,22170.0
2025-03-26,1.14,1.16,1.13,1.16,47560.0
2025-03-27,1.13,1.15,1.12,1.15,6880.0
2025-03-28,1.12,1.16,1.12,1.14,12720.0
2025-03-31,1.12,1.12,1.1,1.12,22060.0
2025-04-01,1.12,1.14,1.11,1.115,13270.0
2025-04-02,1.1,1.1,1.02,1.075,18380.0
2025-04-03,1.05,1.11,0.95,1.03,93050.0
2025-04-04,1.06,1.06,0.97,0.99,6670.0
2025-04-07,0.96,1.04,0.874,0.998,43880.0
2025-04-08,1.0,1.2,1.0,1.13,58030.0
2025-04-09,1.14,1.14,1.06,1.1,12070.0
2025-04-10,1.095,1.15,1.085,1.135,9540.0
2025-04-11,1.115,1.14,1.1,1.105,3970.0
2025-04-14,1.075,1.125,1.07,1.07,7530.0
2025-04-15,1.08,1.13,1.07,1.115,8660.0
2025-04-16,1.075,1.08,1.02,1.06,35920.0
2025-04-17,1.06,1.12,1.05,1.09,32000.0
2025-04-22,1.09,1.105,1.05,1.085,19210.0
2025-04-23,1.05,1.09,1.03,1.08,11890.0
2025-04-24,1.08,1.085,1.02,1.08,9990.0
2025-04-25,1.08,1.12,1.05,1.1,10680.0
2025-04-28,1.095,1.11,1.06,1.085,1450.0
2025-04-29,1.08,1.11,1.08,1.105,26620.0
2025-04-30,1.105,1.105,1.03,1.08,23130.0
2025-05-02,1.03,1.1,1.03,1.1,21260.0
2025-05-05,1.055,1.16,1.05,1.13,32890.0
2025-05-06,1.12,1.12,1.055,1.055,4120.0
2025-05-07,1.11,1.165,1.07,1.095,68380.0
2025-05-08,1.095,1.1,1.07,1.1,3700.0
2025-05-09,1.1,1.12,1.05,1.115,60590.0
2025-05-12,1.115,1.12,1.06,1.1,6860.0
2025-05-13,1.06,1.12,1.06,1.075,37940.0
2025-05-14,1.06,1.1,1.06,1.1,17230.0
2025-05-15,1.085,1.305,1.055,1.075,889730.0
2025-05-16,1.075,1.095,1.035,1.06,97030.0
2025-05-19,1.06,1.06,1.02,1.025,39300.0
2025-05-20,1.03,1.04,1.025,1.04,7110.0
2025-05-21,1.03,1.04,1.015,1.02,13770.0
2025-05-22,1.015,1.045,1.0,1.045,11740.0
2025-05-23,1.04,1.04,0.984,0.984,45060.0
2025-05-26,0.982,1.02,0.98,1.005,15340.0
2025-05-27,1.005,1.02,0.98,1.02,2250.0
2025-05-28,0.99,1.02,0.98,1.02,8210.0
2025-05-29,1.02,1.03,1.0,1.03,3820.0
2025-05-30,1.03,1.03,1.0,1.0,7460.0
2025-06-02,1.005,1.02,0.99,1.02,10850.0
2025-06-03,1.02,1.03,0.962,0.964,19700.0
2025-06-04,1.005,1.03,0.97,0.996,6520.0
2025-06-05,0.996,1.03,0.98,1.01,1500.0
2025-06-06,1.015,1.02,0.964,1.0,3910.0
2025-06-09,1.0,1.015,0.96,1.0,2530.0
2025-06-10,1.0,1.0,0.982,1.0,1230.0
2025-06-11,0.982,0.982,0.94,0.97,24290.0
2025-06-12,0.97,0.97,0.94,0.95,3650.0
2025-06-13,0.95,0.97,0.94,0.94,7820.0
2025-06-16,0.858,0.94,0.81,0.94,17340.0
2025-06-17,0.968,1.06,0.872,0.92,39970.0
2025-06-18,0.92,0.92,0.872,0.878,9850.0
2025-06-20,0.932,0.932,0.89,0.9,9640.0
2025-06-23,0.902,0.948,0.902,0.926,2350.0
2025-06-24,0.926,0.96,0.924,0.96,720.0
2025-06-25,0.958,0.96,0.93,0.958,820.0
2025-06-26,0.938,0.98,0.93,0.968,6530.0
2025-06-27,0.968,0.968,0.966,0.968,240.0
2025-06-30,0.978,0.978,0.978,0.978,80.0
2025-07-01,0.946,0.974,0.924,0.952,2920.0
2025-07-02,0.966,0.966,0.966,0.966,2160.0
2025-07-03,0.944,0.944,0.93,0.944,220.0
2025-07-04,0.974,0.974,0.974,0.974,40.0
2025-07-07,0.972,0.976,0.948,0.948,1420.0
2025-07-08,0.948,0.968,0.924,0.964,1670.0
2025-07-09,0.93,0.964,0.928,0.962,1330.0
2025-07-10,0.962,0.962,0.92,0.95,12500.0
2025-07-11,0.94,0.95,0.94,0.948,1730.0
2025-07-14,0.968,0.968,0.968,0.968,1010.0
2025-07-15,0.94,0.94,0.94,0.94,1500.0
2025-07-16,0.94,0.94,0.94,0.94,4580.0
2025-07-17,0.934,0.934,0.91,0.924,3350.0
2025-07-18,0.914,0.968,0.91,0.928,16070.0
2025-07-21,0.912,0.948,0.91,0.948,4050.0
2025-07-22,0.94,0.94,0.9,0.908,6820.0
2025-07-23,0.908,0.938,0.902,0.934,3010.0
2025-07-24,0.934,0.942,0.904,0.94,17010.0
2025-07-25,0.94,0.944,0.904,0.944,2410.0
2025-07-28,0.926,0.94,0.902,0.94,4990.0
2025-07-29,0.94,0.94,0.904,0.928,670.0
2025-07-30,0.92,0.92,0.92,0.92,1250.0
2025-07-31,0.92,0.92,0.92,0.92,600.0
2025-08-01,0.92,0.92,0.92,0.92,1200.0
2025-08-04,0.92,0.928,0.92,0.928,5270.0
2025-08-05,0.928,0.928,0.92,0.92,170.0
2025-08-06,0.922,0.922,0.904,0.904,2020.0
2025-08-07,0.902,0.902,0.812,0.85,47380.0
2025-08-08,0.85,0.87,0.802,0.87,9880.0
2025-08-11,0.86,0.87,0.746,0.746,55390.0
2025-08-12,0.77,0.81,0.72,0.79,69380.0
2025-08-13,0.734,0.776,0.712,0.754,47510.0
2025-08-14,0.758,0.784,0.756,0.776,17870.0
2025-08-18,0.778,0.798,0.77,0.798,14700.0
2025-08-19,0.798,0.798,0.78,0.78,9370.0
2025-08-20,0.808,0.808,0.768,0.796,2720.0
2025-08-21,0.796,0.796,0.772,0.79,9780.0
2025-08-22,0.794,0.81,0.78,0.784,21360.0
2025-08-25,0.79,0.82,0.79,0.792,2940.0
2025-08-26,0.796,0.82,0.786,0.82,6610.0
2025-08-27,0.818,0.818,0.818,0.818,50.0
2025-08-28,0.82,0.82,0.786,0.786,1040.0
2025-09-01,0.786,0.82,0.786,0.82,890.0
2025-09-02,0.82,0.83,0.786,0.794,6400.0
2025-09-03,0.818,0.82,0.8,0.8,12660.0
2025-09-04,0.82,0.82,0.776,0.776,2090.0
2025-09-05,0.808,0.81,0.754,0.78,15390.0
2025-09-08,0.78,0.78,0.78,0.78,1170.0
2025-09-09,0.762,0.762,0.754,0.758,7620.0
2025-09-10,0.778,0.78,0.758,0.78,3500.0
2025-09-11,0.756,0.778,0.756,0.778,2009.9999999999998
2025-09-12,0.778,0.778,0.754,0.754,110.0
2025-09-15,0.756,0.778,0.72,0.754,12310.0
2025-09-16,0.754,0.754,0.732,0.752,9470.0
2025-09-17,0.726,0.758,0.726,0.756,5080.0
2025-09-18,0.756,0.778,0.756,0.774,2380.0
2025-09-19,0.754,0.754,0.754,0.754,230.0
2025-09-22,0.752,0.752,0.74,0.74,4019.9999999999995
2025-09-23,0.74,0.74,0.72,0.732,7150.0
2025-09-24,0.732,0.732,0.722,0.732,1650.0
2025-09-25,0.72,0.73,0.72,0.722,4390.0
2025-09-26,0.716,0.768,0.712,0.768,29670.0
2025-09-29,0.77,0.78,0.75,0.778,9170.0
2025-09-30,0.754,0.77,0.724,0.77,590.0
