"Date","Price","Open","High","Low","Vol.","Change %"
"30/09/2025","6.50","6.50","6.50","6.50","1.97K","0.00%"
"29/09/2025","6.50","6.30","6.50","6.24","0.18K","3.17%"
"26/09/2025","6.30","6.46","6.50","6.30","0.11K","-3.08%"
"24/09/2025","6.50","6.50","6.50","6.50","0.01K","0.00%"
"23/09/2025","6.50","6.46","6.50","6.32","1.03K","0.31%"
"22/09/2025","6.48","6.48","6.48","6.48","0.03K","0.00%"
"19/09/2025","6.48","6.44","6.48","6.44","0.07K","0.62%"
"18/09/2025","6.44","6.12","6.48","6.12","0.74K","5.57%"
"17/09/2025","6.10","6.12","6.12","6.10","0.14K","-1.61%"
"16/09/2025","6.20","6.20","6.20","6.20","0.02K","0.65%"
"11/09/2025","6.16","6.16","6.18","6.02","0.89K","0.00%"
"10/09/2025","6.16","6.38","6.38","6.16","1.23K","-3.45%"
"09/09/2025","6.38","6.38","6.38","6.38","0.01K","0.00%"
"08/09/2025","6.38","6.38","6.38","6.38","0.01K","0.00%"
"05/09/2025","6.38","6.38","6.38","6.38","0.01K","0.00%"
"04/09/2025","6.38","6.38","6.38","6.38","0.01K","1.27%"
"02/09/2025","6.30","6.34","6.38","6.30","0.68K","-0.63%"
"01/09/2025","6.34","6.46","6.48","6.34","0.21K","-0.94%"
"29/08/2025","6.40","6.44","6.44","6.40","0.43K","0.00%"
"28/08/2025","6.40","6.42","6.42","6.40","1.21K","0.00%"
"27/08/2025","6.40","6.34","6.40","6.34","1.51K","0.31%"
"26/08/2025","6.38","6.38","6.38","6.38","0.01K","0.00%"
"25/08/2025","6.38","6.20","6.38","6.20","0.16K","2.90%"
"22/08/2025","6.20","6.20","6.36","6.20","0.83K","0.00%"
"21/08/2025","6.20","6.24","6.24","6.20","0.13K","-2.52%"
"14/08/2025","6.36","6.36","6.36","6.22","0.01K","0.00%"
"13/08/2025","6.36","6.36","6.36","6.36","0.01K","2.25%"
"12/08/2025","6.22","6.22","6.22","6.22","0.00K","-1.27%"
"11/08/2025","6.30","6.42","6.44","6.30","0.10K","-1.87%"
"08/08/2025","6.42","6.24","6.42","6.24","0.02K","2.88%"
"07/08/2025","6.24","6.40","6.40","6.24","0.04K","-3.11%"
"06/08/2025","6.44","6.44","6.44","6.44","0.00K","0.00%"
"05/08/2025","6.44","6.26","6.44","6.26","0.47K","2.88%"
"04/08/2025","6.26","6.10","6.26","6.10","0.06K","0.64%"
"01/08/2025","6.22","6.20","6.22","6.04","0.02K","0.00%"
"30/07/2025","6.22","6.22","6.22","6.22","0.00K","0.32%"
"29/07/2025","6.20","6.12","6.20","6.12","0.60K","1.97%"
"28/07/2025","6.08","6.14","6.16","5.98","0.43K","-2.56%"
"23/07/2025","6.24","6.24","6.24","6.24","0.01K","0.97%"
"22/07/2025","6.18","6.22","6.24","6.18","0.27K","0.32%"
"21/07/2025","6.16","6.48","6.48","6.16","1.24K","-4.94%"
"18/07/2025","6.48","6.48","6.48","6.48","0.01K","0.00%"
"17/07/2025","6.48","6.48","6.48","6.48","0.01K","0.00%"
"16/07/2025","6.48","6.48","6.48","6.48","0.01K","0.00%"
"15/07/2025","6.48","6.48","6.48","6.48","0.01K","1.57%"
"14/07/2025","6.38","6.38","6.38","6.38","2.20K","-1.54%"
"11/07/2025","6.48","6.30","6.48","6.30","0.93K","6.58%"
"10/07/2025","6.08","6.28","6.28","6.08","1.86K","-1.94%"
"09/07/2025","6.20","6.14","6.20","6.14","1.32K","0.98%"
"08/07/2025","6.14","6.02","6.14","6.02","2.54K","2.33%"
"07/07/2025","6.00","6.00","6.00","6.00","0.20K","0.00%"
"02/07/2025","6.00","6.00","6.00","5.86","0.21K","2.39%"
"01/07/2025","5.86","5.92","5.92","5.86","0.24K","-1.01%"
"30/06/2025","5.92","5.92","5.92","5.92","1.38K","0.00%"
"27/06/2025","5.92","5.94","6.00","5.92","0.28K","1.02%"
"25/06/2025","5.86","5.86","5.86","5.86","0.19K","-2.01%"
"24/06/2025","5.98","5.98","5.98","5.98","0.01K","2.05%"
"23/06/2025","5.86","6.00","6.00","5.86","0.00K","-2.01%"
"17/06/2025","5.98","5.98","5.98","5.98","0.21K","-0.33%"
"16/06/2025","6.00","5.78","6.00","5.78","0.26K","3.81%"
"13/06/2025","5.78","5.84","5.84","5.78","1.06K","-1.37%"
"10/06/2025","5.86","5.86","5.86","5.86","0.01K","0.00%"
"06/06/2025","5.86","5.96","6.02","5.86","0.63K","-0.34%"
"05/06/2025","5.88","5.88","5.88","5.88","0.03K","0.00%"
"04/06/2025","5.88","5.88","5.88","5.88","0.03K","0.00%"
"03/06/2025","5.88","5.88","5.88","5.88","0.01K","-0.34%"
"30/05/2025","5.90","5.94","5.94","5.90","0.06K","-1.67%"
"29/05/2025","6.00","5.88","6.00","5.88","0.05K","0.67%"
"28/05/2025","5.96","5.96","5.96","5.96","0.01K","0.34%"
"27/05/2025","5.94","5.92","5.94","5.92","2.03K","1.71%"
"26/05/2025","5.84","5.86","5.86","5.84","0.15K","-0.34%"
"22/05/2025","5.86","5.88","5.88","5.86","0.01K","-0.34%"
"21/05/2025","5.88","5.88","5.88","5.88","0.00K","-1.01%"
"20/05/2025","5.94","5.86","5.96","5.86","0.02K","-0.34%"
"19/05/2025","5.96","5.90","5.96","5.90","2.04K","2.76%"
"15/05/2025","5.80","5.82","5.82","5.80","0.23K","-0.68%"
"14/05/2025","5.84","5.84","5.84","5.84","0.01K","-0.34%"
"13/05/2025","5.86","5.86","5.86","5.86","0.32K","-1.35%"
"12/05/2025","5.94","5.86","5.94","5.86","0.14K","3.48%"
"08/05/2025","5.74","5.80","5.80","5.74","0.23K","-1.37%"
"07/05/2025","5.82","5.82","5.82","5.82","0.21K","0.34%"
"06/05/2025","5.80","5.90","5.90","5.80","0.16K","-2.36%"
"05/05/2025","5.94","5.90","5.94","5.90","0.05K","2.41%"
"30/04/2025","5.80","5.88","5.88","5.80","0.85K","-1.36%"
"29/04/2025","5.88","5.80","5.88","5.80","1.17K","1.38%"
"28/04/2025","5.80","5.90","5.90","5.70","2.20K","-3.33%"
"25/04/2025","6.00","5.80","6.00","5.80","0.31K","3.45%"
"24/04/2025","5.80","5.80","5.80","5.80","0.07K","0.00%"
"23/04/2025","5.80","5.82","5.82","5.80","0.30K","-2.36%"
"22/04/2025","5.94","5.92","5.94","5.92","0.29K","1.37%"
"17/04/2025","5.86","5.86","5.86","5.86","0.02K","-0.68%"
"15/04/2025","5.90","5.90","5.90","5.90","0.03K","0.68%"
"14/04/2025","5.86","5.86","5.86","5.86","0.24K","1.03%"
"11/04/2025","5.80","5.80","5.80","5.80","0.01K","0.00%"
"10/04/2025","5.80","5.88","5.88","5.80","0.38K","-1.36%"
"09/04/2025","5.88","5.88","5.88","5.88","0.07K","0.34%"
"08/04/2025","5.86","5.86","5.86","5.86","0.10K","1.03%"
"07/04/2025","5.80","5.96","5.96","5.50","0.92K","-3.33%"
"04/04/2025","6.00","6.00","6.00","6.00","0.03K","-0.33%"
"02/04/2025","6.02","6.02","6.02","6.02","0.01K","0.00%"
"01/04/2025","6.02","6.02","6.02","6.02","0.00K","0.67%"
"31/03/2025","5.98","6.06","6.06","5.98","0.23K","-1.32%"
"28/03/2025","6.06","6.06","6.06","6.06","0.01K","0.00%"
"27/03/2025","6.06","6.08","6.08","6.06","0.03K","1.00%"
"24/03/2025","6.00","6.02","6.02","6.00","1.05K","-1.32%"
"20/03/2025","6.08","6.04","6.08","5.94","0.07K","0.33%"
"18/03/2025","6.06","6.06","6.06","6.06","0.02K","1.00%"
"14/03/2025","6.00","5.96","6.00","5.96","0.60K","2.39%"
"13/03/2025","5.86","5.86","5.86","5.86","0.02K","-0.34%"
"12/03/2025","5.88","5.98","6.00","5.88","4.27K","-1.67%"
"11/03/2025","5.98","6.00","6.00","5.80","0.35K","-0.33%"
"10/03/2025","6.00","6.00","6.00","6.00","0.00K","-0.33%"
"06/03/2025","6.02","6.02","6.08","6.02","0.11K","-1.31%"
"05/03/2025","6.10","6.08","6.10","6.08","0.08K","0.66%"
"03/03/2025","6.06","6.02","6.06","5.86","0.48K","0.33%"
"27/02/2025","6.04","6.00","6.04","6.00","0.26K","0.67%"
"26/02/2025","6.00","6.00","6.00","6.00","0.04K","0.00%"
"25/02/2025","6.00","6.00","6.00","6.00","0.03K","0.00%"
"24/02/2025","6.00","6.00","6.00","5.88","0.13K","0.00%"
"21/02/2025","6.00","6.00","6.00","6.00","0.20K","0.00%"
"20/02/2025","6.00","6.00","6.00","6.00","0.35K","0.33%"
"19/02/2025","5.98","5.98","5.98","5.86","0.33K","3.10%"
"18/02/2025","5.80","6.00","6.00","5.80","0.33K","-3.33%"
"17/02/2025","6.00","6.00","6.00","6.00","0.20K","-2.60%"
"14/02/2025","6.16","6.24","6.24","5.62","2.34K","-1.28%"
"13/02/2025","6.24","6.24","6.26","6.24","0.08K","2.30%"
"12/02/2025","6.10","6.26","6.26","6.06","1.20K","-5.86%"
"11/02/2025","6.48","6.48","6.48","6.48","0.01K","1.25%"
"10/02/2025","6.40","6.40","6.40","6.38","0.46K","0.00%"
"07/02/2025","6.40","6.40","6.40","6.36","0.38K","0.31%"
"06/02/2025","6.38","6.40","6.40","6.38","0.31K","-1.85%"
"05/02/2025","6.50","6.50","6.50","6.50","0.01K","0.93%"
"04/02/2025","6.44","6.58","6.58","6.36","0.44K","0.62%"
"03/02/2025","6.40","6.36","6.58","6.36","0.41K","0.63%"
"31/01/2025","6.36","6.32","6.36","6.30","0.54K","0.63%"
"30/01/2025","6.32","6.20","6.32","6.20","0.24K","3.61%"
"29/01/2025","6.10","6.08","6.10","6.08","0.11K","0.33%"
"27/01/2025","6.08","6.16","6.16","6.08","0.29K","-1.30%"
"24/01/2025","6.16","6.16","6.16","6.16","0.02K","-3.14%"
"23/01/2025","6.36","6.44","6.44","5.86","1.45K","-3.05%"
"22/01/2025","6.56","6.40","6.60","6.40","0.42K","2.50%"
"21/01/2025","6.40","6.34","6.50","6.34","1.45K","0.63%"
"20/01/2025","6.36","6.36","6.36","6.36","0.01K","0.95%"
"16/01/2025","6.30","6.30","6.36","6.30","0.09K","0.00%"
"15/01/2025","6.30","6.14","6.74","6.02","1.77K","2.61%"
"14/01/2025","6.14","5.20","6.14","5.20","2.64K","18.08%"
"13/01/2025","5.20","5.48","5.48","5.18","0.32K","-5.11%"
"10/01/2025","5.48","5.46","5.48","4.95","0.24K","-2.14%"
"09/01/2025","5.60","5.60","5.60","5.60","0.20K","0.36%"
"08/01/2025","5.58","5.28","5.58","5.28","0.50K","2.20%"
"07/01/2025","5.46","5.50","5.62","5.00","2.49K","-9.00%"
"03/01/2025","6.00","6.20","6.20","6.00","0.12K","0.00%"
"02/01/2025","6.00","6.00","6.00","6.00","0.33K","0.00%"
"30/12/2024","6.00","6.10","6.10","5.60","0.50K","0.00%"
"23/12/2024","6.00","5.98","6.00","5.84","0.80K","0.00%"
"20/12/2024","6.00","5.52","6.00","5.00","1.00K","5.26%"
"19/12/2024","5.70","5.68","5.70","5.46","0.17K","0.00%"
"18/12/2024","5.70","5.62","5.70","5.60","0.11K","4.40%"
"17/12/2024","5.46","5.56","5.56","5.46","0.25K","-0.73%"
"16/12/2024","5.50","5.92","6.10","5.50","0.67K","-8.64%"
"13/12/2024","6.02","5.60","6.02","5.58","1.46K","7.50%"
"12/12/2024","5.60","5.56","5.60","5.54","0.82K","3.70%"
"11/12/2024","5.40","5.60","5.60","5.40","0.02K","-3.57%"
"10/12/2024","5.60","5.62","5.62","5.60","0.02K","0.36%"
"09/12/2024","5.58","5.78","5.78","5.26","0.48K","-3.46%"
"06/12/2024","5.78","5.78","5.78","5.78","0.00K","2.85%"
"05/12/2024","5.62","5.88","5.88","5.62","0.27K","0.00%"
"04/12/2024","5.62","6.16","6.16","5.62","1.31K","-6.33%"
"03/12/2024","6.00","6.30","6.30","6.00","0.49K","-6.83%"
"02/12/2024","6.44","5.88","6.44","5.30","3.63K","9.15%"
"29/11/2024","5.90","5.88","5.90","5.88","0.20K","-2.96%"
"27/11/2024","6.08","6.08","6.08","6.08","0.00K","0.00%"
"26/11/2024","6.08","6.08","6.08","6.08","0.00K","1.67%"
"25/11/2024","5.98","6.14","6.14","5.98","0.58K","-2.92%"
"21/11/2024","6.16","5.88","6.16","5.88","0.11K","5.48%"
"20/11/2024","5.84","5.80","5.84","5.76","0.08K","0.69%"
"19/11/2024","5.80","5.76","5.80","5.60","0.14K","0.00%"
"18/11/2024","5.80","5.76","5.80","5.76","0.01K","0.00%"
"15/11/2024","5.80","5.78","5.80","5.78","0.01K","2.47%"
"14/11/2024","5.66","5.80","5.80","5.62","0.11K","-2.08%"
"13/11/2024","5.78","5.74","5.78","5.74","0.04K","3.21%"
"12/11/2024","5.60","5.60","5.60","5.60","0.02K","0.00%"
"08/11/2024","5.60","5.90","5.90","5.32","3.94K","-5.08%"
"07/11/2024","5.90","6.46","6.46","5.90","0.49K","-7.81%"
"06/11/2024","6.40","6.42","6.42","6.40","0.02K","2.24%"
"04/11/2024","6.26","6.50","6.50","6.26","0.26K","1.29%"
"31/10/2024","6.18","6.30","6.38","6.18","0.14K","-1.90%"
"30/10/2024","6.30","6.50","6.50","6.10","0.37K","-3.08%"
"29/10/2024","6.50","6.48","6.50","6.48","0.01K","0.00%"
"28/10/2024","6.50","6.32","6.50","6.32","0.11K","2.85%"
"25/10/2024","6.32","6.40","6.40","6.32","0.33K","-1.25%"
"24/10/2024","6.40","6.40","6.40","6.40","0.01K","0.00%"
"23/10/2024","6.40","6.50","6.50","6.40","0.18K","-1.54%"
"22/10/2024","6.50","6.50","6.50","6.48","0.27K","0.00%"
"21/10/2024","6.50","6.50","6.68","6.50","0.38K","0.00%"
"18/10/2024","6.50","6.50","6.70","6.44","0.64K","-0.91%"
"17/10/2024","6.56","6.76","6.76","6.56","0.36K","-2.09%"
"16/10/2024","6.70","7.36","7.36","6.40","3.45K","-7.71%"
"15/10/2024","7.26","7.02","7.26","7.02","0.17K","3.71%"
"14/10/2024","7.00","7.20","7.20","7.00","0.64K","-4.89%"
"11/10/2024","7.36","7.34","7.58","7.00","0.46K","0.82%"
"09/10/2024","7.30","7.30","7.30","7.30","0.02K","4.29%"
"08/10/2024","7.00","7.36","7.36","7.00","0.72K","-4.63%"
"07/10/2024","7.34","7.58","7.58","7.34","0.82K","-3.17%"
"04/10/2024","7.58","7.62","7.62","7.58","0.03K","-1.81%"
"03/10/2024","7.72","7.70","7.72","7.70","0.04K","1.85%"
"02/10/2024","7.58","8.14","8.40","7.34","2.20K","-9.98%"
"01/10/2024","8.42","8.42","8.42","8.42","0.11K","0.00%"
"30/09/2024","8.42","8.42","8.42","8.42","0.01K","1.45%"
"27/09/2024","8.30","8.14","8.30","8.08","0.21K","-1.43%"
"26/09/2024","8.42","8.42","8.42","8.42","0.25K","0.00%"
"25/09/2024","8.42","8.38","8.42","8.38","0.38K","0.48%"
"24/09/2024","8.38","8.38","8.38","8.38","0.17K","0.00%"
"23/09/2024","8.38","7.98","8.38","7.98","0.17K","7.44%"
"19/09/2024","7.80","8.00","8.00","7.80","0.64K","-2.50%"
"18/09/2024","8.00","8.00","8.00","7.80","0.32K","0.00%"
"17/09/2024","8.00","8.14","8.46","7.80","0.69K","-4.99%"
"16/09/2024","8.42","8.98","8.98","8.10","2.18K","-6.44%"
"13/09/2024","9.00","9.02","9.02","9.00","0.12K","-0.44%"
"11/09/2024","9.04","8.66","9.04","8.66","0.01K","0.44%"
"10/09/2024","9.00","8.78","9.00","8.78","0.04K","0.00%"
"09/09/2024","9.00","9.00","9.00","9.00","0.01K","0.00%"
"04/09/2024","9.00","9.00","9.00","9.00","0.01K","0.00%"
"30/08/2024","9.00","9.00","9.00","9.00","0.01K","0.22%"
"29/08/2024","8.98","8.98","8.98","8.98","0.01K","0.00%"
"28/08/2024","8.98","8.98","8.98","8.98","0.01K","0.00%"
"27/08/2024","8.98","8.98","8.98","8.98","0.01K","0.00%"
"26/08/2024","8.98","8.98","8.98","8.98","0.94K","-0.22%"
"23/08/2024","9.00","8.62","9.00","8.62","0.05K","0.22%"
"22/08/2024","8.98","8.98","8.98","8.98","0.01K","-0.22%"
"21/08/2024","9.00","9.00","9.00","9.00","0.01K","0.00%"
"20/08/2024","9.00","9.00","9.00","9.00","0.01K","0.00%"
"19/08/2024","9.00","9.00","9.00","9.00","0.01K","0.00%"
"16/08/2024","9.00","8.60","9.00","8.12","0.78K","0.00%"
"14/08/2024","9.00","9.00","9.00","9.00","0.12K","0.45%"
"13/08/2024","8.96","8.62","8.96","8.50","0.76K","0.22%"
"12/08/2024","8.94","8.94","8.94","8.94","0.00K","0.22%"
"08/08/2024","8.92","8.56","8.92","8.30","0.08K","-0.22%"
"07/08/2024","8.94","8.94","8.94","8.94","0.01K","-0.22%"
"06/08/2024","8.96","8.88","8.96","8.88","0.16K","0.90%"
"05/08/2024","8.88","8.72","8.90","7.90","0.81K","1.83%"
"02/08/2024","8.72","8.72","9.00","8.72","0.23K","3.81%"
"01/08/2024","8.40","8.56","9.00","8.40","0.89K","-2.55%"
"31/07/2024","8.62","8.98","9.00","8.62","0.16K","-4.01%"
"30/07/2024","8.98","8.72","8.98","8.72","0.14K","2.98%"
"29/07/2024","8.72","8.80","9.00","8.72","0.24K","-0.91%"
"26/07/2024","8.80","8.36","8.80","8.36","0.24K","5.26%"
"25/07/2024","8.36","8.76","8.76","8.36","0.26K","-3.24%"
"24/07/2024","8.64","8.78","8.78","8.64","0.07K","-1.37%"
"23/07/2024","8.76","8.62","8.76","8.50","0.27K","0.00%"
"22/07/2024","8.76","8.76","8.76","8.76","0.02K","2.34%"
"19/07/2024","8.56","8.56","8.56","8.56","0.01K","-0.47%"
"17/07/2024","8.60","8.60","8.60","8.60","0.04K","0.00%"
"16/07/2024","8.60","8.60","8.60","8.60","0.06K","0.23%"
"15/07/2024","8.58","8.76","8.82","8.58","0.26K","-1.83%"
"12/07/2024","8.74","8.96","8.96","8.74","0.02K","-1.13%"
"11/07/2024","8.84","8.98","9.00","8.84","0.12K","-1.78%"
"10/07/2024","9.00","8.92","9.16","8.70","11.16K","-5.06%"
"09/07/2024","9.48","9.60","9.60","9.48","0.40K","-2.87%"
"05/07/2024","9.76","9.90","9.90","9.64","0.30K","-2.89%"
"04/07/2024","10.05","10.05","10.05","10.05","0.01K","0.00%"
"03/07/2024","10.05","10.05","10.05","10.05","0.01K","0.70%"
"28/06/2024","9.98","9.98","9.98","9.98","0.01K","0.20%"
"27/06/2024","9.96","9.98","9.98","9.80","0.05K","0.20%"
"26/06/2024","9.94","9.94","9.94","9.94","0.02K","0.40%"
"25/06/2024","9.90","9.92","9.94","9.90","0.24K","0.20%"
"24/06/2024","9.88","9.88","9.88","9.88","0.05K","0.41%"
"21/06/2024","9.84","9.84","9.84","9.84","0.37K","-0.40%"
"19/06/2024","9.88","9.84","9.88","9.84","0.02K","0.41%"
"18/06/2024","9.84","9.96","9.96","9.82","0.19K","0.00%"
"17/06/2024","9.84","10.00","10.00","9.84","0.04K","-2.57%"
"13/06/2024","10.10","10.10","10.10","10.10","0.00K","-0.98%"
"12/06/2024","10.20","10.00","10.20","10.00","0.21K","3.87%"
"11/06/2024","9.82","10.05","10.05","9.82","0.01K","-0.81%"
"10/06/2024","9.90","10.05","10.05","9.90","0.01K","0.00%"
"07/06/2024","9.90","10.00","10.00","9.90","0.05K","-1.00%"
"06/06/2024","10.00","10.10","10.10","10.00","0.28K","-1.96%"
"05/06/2024","10.20","10.20","10.20","10.20","0.04K","0.00%"
"04/06/2024","10.20","10.20","10.20","10.20","0.02K","-0.49%"
"03/06/2024","10.25","10.25","10.25","10.25","0.13K","-2.38%"
"31/05/2024","10.50","10.00","10.50","9.80","1.10K","5.00%"
"29/05/2024","10.00","10.00","10.00","10.00","0.14K","1.01%"
"28/05/2024","9.90","9.90","9.90","9.90","0.02K","-1.98%"
"27/05/2024","10.10","10.30","10.30","10.10","0.02K","1.00%"
"24/05/2024","10.00","10.00","10.00","10.00","0.10K","0.00%"
"22/05/2024","10.00","10.00","10.00","10.00","0.00K","1.01%"
"21/05/2024","9.90","10.95","10.95","9.90","0.12K","-5.71%"
"20/05/2024","10.50","11.00","11.00","10.50","0.03K","-4.55%"
"17/05/2024","11.00","10.80","11.00","10.30","1.00K","2.80%"
"16/05/2024","10.70","9.98","10.90","9.90","0.98K","7.00%"
"15/05/2024","10.00","9.80","10.00","9.10","0.60K","0.00%"
"14/05/2024","10.00","10.00","10.10","10.00","0.03K","0.00%"
"13/05/2024","10.00","11.00","11.00","10.00","0.18K","-8.26%"
"10/05/2024","10.90","9.24","11.15","9.24","2.14K","20.58%"
"09/05/2024","9.04","9.34","9.34","9.00","0.20K","-6.22%"
"07/05/2024","9.64","8.80","9.68","8.80","0.64K","6.40%"
"23/04/2024","9.06","9.06","9.06","9.06","0.02K","0.00%"
"22/04/2024","9.06","9.06","9.06","9.06","0.00K","1.80%"
"19/04/2024","8.90","9.02","9.02","8.90","0.05K","-1.33%"
"18/04/2024","9.02","9.20","9.30","9.02","0.11K","4.64%"
"17/04/2024","8.62","8.62","8.62","8.62","0.00K","0.47%"
"16/04/2024","8.58","9.22","9.26","8.58","0.85K","-5.51%"
"15/04/2024","9.08","9.54","9.54","9.08","0.52K","-4.82%"
"12/04/2024","9.54","9.70","9.90","9.54","0.18K","-1.65%"
"11/04/2024","9.70","9.26","9.74","9.24","0.48K","4.98%"
"10/04/2024","9.24","8.96","9.24","8.96","0.11K","3.12%"
"09/04/2024","8.96","8.50","8.96","8.50","0.44K","3.94%"
"08/04/2024","8.62","8.70","8.78","8.62","0.49K","-0.92%"
"05/04/2024","8.70","9.10","9.10","8.30","0.86K","-2.68%"
"04/04/2024","8.94","9.36","9.36","8.94","0.54K","-4.69%"
"03/04/2024","9.38","9.38","9.38","9.36","0.10K","-0.21%"
"02/04/2024","9.40","9.10","9.40","9.06","1.22K","3.87%"
"28/03/2024","9.05","9.05","9.45","9.05","0.05K","0.00%"
"27/03/2024","9.05","9.40","9.40","9.05","0.29K","-1.09%"
"26/03/2024","9.15","9.15","9.15","9.15","0.01K","-3.17%"
"22/03/2024","9.45","9.50","9.50","9.15","0.16K","-0.53%"
"21/03/2024","9.50","9.45","9.50","9.25","0.11K","-4.04%"
"20/03/2024","9.90","9.65","9.90","9.65","0.10K","3.66%"
"19/03/2024","9.55","9.60","9.60","9.55","0.05K","0.00%"
"18/03/2024","9.55","9.60","9.60","9.55","0.22K","2.14%"
"15/03/2024","9.35","8.95","9.45","8.95","1.12K","4.47%"
"14/03/2024","8.95","9.30","9.30","8.70","0.17K","-2.72%"
"13/03/2024","9.20","9.25","9.25","9.00","1.06K","0.00%"
"12/03/2024","9.20","8.90","9.20","8.90","0.02K","0.00%"
"11/03/2024","9.20","9.40","9.40","8.65","1.05K","-2.13%"
"08/03/2024","9.40","9.50","9.50","9.40","0.64K","-1.05%"
"07/03/2024","9.50","10.60","10.60","9.50","0.78K","-13.64%"
"06/03/2024","11.00","11.40","11.40","11.00","0.04K","1.85%"
"05/03/2024","10.80","12.00","12.00","10.80","0.29K","-10.00%"
"04/03/2024","12.00","11.00","12.00","11.00","0.31K","5.26%"
"01/03/2024","11.40","11.20","11.40","11.20","0.12K","-5.00%"
"28/02/2024","12.00","11.60","12.10","11.60","0.27K","9.09%"
"27/02/2024","11.00","11.20","11.20","11.00","0.12K","-3.51%"
"26/02/2024","11.40","11.90","11.90","10.80","0.65K","-4.20%"
"23/02/2024","11.90","11.90","12.00","11.50","0.58K","-3.25%"
"21/02/2024","12.30","11.90","12.30","11.70","0.16K","2.50%"
"20/02/2024","12.00","12.10","12.10","12.00","0.34K","-4.76%"
"16/02/2024","12.60","13.40","13.40","12.60","0.40K","-5.97%"
"15/02/2024","13.40","12.20","13.40","12.20","1.13K","15.52%"
"13/02/2024","11.60","11.90","12.00","11.60","0.61K","-6.45%"
"12/02/2024","12.40","12.30","13.30","12.20","0.47K","3.33%"
"09/02/2024","12.00","12.00","12.50","11.30","0.32K","0.00%"
"08/02/2024","12.00","11.80","13.00","11.80","1.04K","-0.83%"
"07/02/2024","12.10","13.30","13.30","11.70","2.19K","-12.32%"
"05/02/2024","13.80","14.30","14.30","13.00","0.09K","-3.50%"
"02/02/2024","14.30","14.50","14.50","13.80","0.21K","-0.69%"
"01/02/2024","14.40","14.50","14.50","14.00","0.08K","-0.69%"
"31/01/2024","14.50","13.80","14.50","13.20","1.19K","5.07%"
"30/01/2024","13.80","13.70","13.90","13.70","0.28K","0.73%"
"29/01/2024","13.70","15.80","15.80","13.00","1.27K","-9.27%"
"26/01/2024","15.10","14.90","16.20","14.20","5.62K","7.47%"
"25/01/2024","14.05","11.15","14.05","11.15","5.48K","27.12%"
"24/01/2024","11.05","10.12","11.05","9.84","0.68K","7.27%"
"22/01/2024","10.30","10.30","10.30","10.30","0.80K","4.76%"
"19/01/2024","9.84","10.68","11.05","9.74","0.36K","-1.87%"
"18/01/2024","10.02","9.46","10.02","9.46","0.27K","5.94%"
"17/01/2024","9.46","9.55","9.55","9.37","0.18K","-0.98%"
"16/01/2024","9.55","9.46","9.55","9.46","0.20K","0.99%"
"15/01/2024","9.46","8.99","9.46","8.99","1.09K","5.21%"
"12/01/2024","8.99","8.99","8.99","8.99","0.08K","-4.95%"
"11/01/2024","9.46","9.37","9.46","9.37","0.07K","1.00%"
"10/01/2024","9.37","9.09","9.37","9.09","1.08K","3.63%"
"09/01/2024","9.04","9.13","9.13","8.85","0.18K","0.52%"
"08/01/2024","8.99","9.13","9.23","8.99","0.59K","-1.54%"
"05/01/2024","9.13","8.62","9.27","8.57","0.86K","18.90%"
"04/01/2024","7.68","8.34","8.34","7.68","1.39K","-3.53%"
"03/01/2024","7.96","8.52","8.71","7.96","0.10K","-3.95%"
"02/01/2024","8.29","8.29","8.80","8.15","0.60K","0.00%"
"29/12/2023","8.29","8.01","8.29","7.91","0.34K","2.91%"
"28/12/2023","8.06","7.96","8.43","7.96","0.77K","-1.15%"
"27/12/2023","8.15","8.15","8.57","7.91","1.04K","-4.40%"
"22/12/2023","8.52","8.43","8.52","8.15","0.02K","5.20%"
"21/12/2023","8.10","8.76","8.76","7.96","0.83K","-7.49%"
"20/12/2023","8.76","8.62","8.76","8.62","0.53K","3.89%"
"19/12/2023","8.43","8.43","8.48","8.43","0.49K","1.12%"
"18/12/2023","8.34","8.66","8.66","8.34","1.14K","-1.11%"
"15/12/2023","8.43","8.48","8.48","8.29","2.48K","-1.10%"
"14/12/2023","8.52","8.52","8.52","8.48","0.05K","-0.55%"
"13/12/2023","8.57","8.71","8.71","8.57","0.42K","0.00%"
"12/12/2023","8.57","8.57","8.57","8.57","0.01K","0.00%"
"11/12/2023","8.57","8.71","8.71","8.57","0.12K","0.00%"
"08/12/2023","8.57","8.57","8.57","8.57","0.02K","0.00%"
"07/12/2023","8.57","8.48","8.57","8.43","0.58K","0.00%"
"06/12/2023","8.57","8.52","8.57","8.48","0.67K","0.00%"
"05/12/2023","8.57","8.57","8.57","8.52","0.56K","0.00%"
"04/12/2023","8.57","9.46","9.46","8.24","4.20K","-9.41%"
"01/12/2023","9.46","9.74","9.74","9.37","3.97K","-2.88%"
"30/11/2023","9.74","9.84","9.93","9.65","0.42K","-0.95%"
"28/11/2023","9.84","10.30","10.30","9.55","1.49K","-4.55%"
"27/11/2023","10.30","10.96","10.96","9.84","0.93K","-5.17%"
"24/11/2023","10.87","10.87","10.87","10.87","0.00K","0.00%"
"23/11/2023","10.87","9.84","11.15","9.84","1.26K","1.75%"
"22/11/2023","10.68","10.77","10.77","10.40","0.16K","-2.56%"
"21/11/2023","10.96","10.96","10.96","10.96","0.07K","-1.68%"
"20/11/2023","11.15","11.24","11.24","10.21","2.84K","-0.83%"
"17/11/2023","11.24","11.24","11.33","11.24","0.39K","0.00%"
"16/11/2023","11.24","11.24","11.24","11.24","0.03K","0.00%"
"15/11/2023","11.24","11.05","11.24","11.05","0.06K","-0.83%"
"14/11/2023","11.33","11.43","11.43","11.33","0.01K","-0.82%"
"13/11/2023","11.43","11.61","11.61","11.43","0.04K","-1.61%"
"10/11/2023","11.61","11.71","11.80","11.61","0.18K","-1.59%"
"09/11/2023","11.80","11.43","11.80","11.43","0.00K","4.13%"
"08/11/2023","11.33","11.99","11.99","11.33","0.09K","-3.97%"
"07/11/2023","11.80","11.80","11.80","11.80","0.70K","-1.56%"
"06/11/2023","11.99","11.61","11.99","11.61","0.21K","-1.54%"
"02/11/2023","12.18","11.71","12.18","11.43","0.31K","0.78%"
"31/10/2023","12.08","12.08","12.08","11.61","0.86K","-4.44%"
"30/10/2023","12.65","12.65","12.65","12.65","0.00K","0.00%"
"27/10/2023","12.65","12.55","12.65","12.55","0.08K","4.65%"
"26/10/2023","12.08","11.61","12.74","11.61","0.45K","0.00%"
"25/10/2023","12.08","11.52","12.36","11.52","0.12K","4.88%"
"24/10/2023","11.52","13.39","13.39","11.24","3.14K","-15.75%"
"23/10/2023","13.68","13.68","13.68","13.68","0.02K","-2.01%"
"20/10/2023","13.96","13.02","14.05","12.27","1.31K","10.37%"
"18/10/2023","12.65","12.65","13.02","12.18","0.32K","2.27%"
"17/10/2023","12.36","11.90","12.55","11.90","1.32K","4.76%"
"16/10/2023","11.80","11.43","11.80","11.43","0.18K","3.28%"
"12/10/2023","11.43","11.15","11.43","11.05","0.52K","2.52%"
"11/10/2023","11.15","11.61","11.61","11.15","0.23K","-1.65%"
"10/10/2023","11.33","11.33","11.33","11.33","0.00K","0.83%"
"09/10/2023","11.24","12.46","12.46","11.24","0.65K","-9.77%"
"06/10/2023","12.46","11.43","12.55","10.68","1.93K","5.56%"
"05/10/2023","11.80","11.80","11.80","11.80","0.05K","0.00%"
"04/10/2023","11.80","11.61","11.80","10.58","0.36K","4.13%"
"03/10/2023","11.33","12.08","12.08","10.96","0.99K","-3.97%"
"02/10/2023","11.80","12.36","12.36","11.80","0.22K","-4.55%"
"29/09/2023","12.36","12.08","12.55","12.08","1.81K","3.12%"
"28/09/2023","11.99","12.55","12.65","11.99","1.07K","-1.54%"
"27/09/2023","12.18","12.93","12.93","12.18","0.59K","-5.80%"
"25/09/2023","12.93","12.83","12.93","12.36","1.12K","-1.43%"
"21/09/2023","13.11","13.11","13.11","13.11","0.26K","-3.45%"
"20/09/2023","13.58","13.58","13.58","13.58","0.02K","-2.68%"
"19/09/2023","13.96","13.96","13.96","13.96","0.02K","0.00%"
"18/09/2023","13.96","13.49","13.96","13.49","0.01K","2.76%"
"15/09/2023","13.58","13.86","13.96","13.58","0.56K","-2.03%"
"14/09/2023","13.86","13.86","13.86","13.86","0.16K","0.00%"
"13/09/2023","13.86","13.30","13.86","13.30","0.00K","0.68%"
"12/09/2023","13.77","13.77","13.77","13.77","0.16K","0.68%"
"11/09/2023","13.68","13.68","13.68","13.68","0.00K","0.00%"
"08/09/2023","13.68","13.49","13.68","13.49","0.02K","0.00%"
"07/09/2023","13.68","13.68","13.68","13.68","0.00K","0.00%"
"06/09/2023","13.68","13.21","13.68","13.21","0.01K","0.00%"
"05/09/2023","13.68","13.68","13.68","13.68","0.00K","1.39%"
"04/09/2023","13.49","13.21","13.77","13.02","1.32K","0.70%"
"01/09/2023","13.39","13.11","13.39","13.11","0.04K","0.70%"
"31/08/2023","13.30","13.30","13.30","13.30","0.01K","0.00%"
"30/08/2023","13.30","13.02","13.30","13.02","0.03K","2.16%"
"29/08/2023","13.02","12.18","13.11","12.18","1.10K","3.73%"
"28/08/2023","12.55","12.55","12.65","12.55","0.36K","-2.90%"
"25/08/2023","12.93","13.39","13.39","12.36","4.35K","-6.12%"
"24/08/2023","13.77","13.77","13.77","13.77","0.01K","0.00%"
"23/08/2023","13.77","13.77","13.77","13.77","0.10K","3.52%"
"22/08/2023","13.30","13.30","13.77","13.30","0.06K","0.00%"
"21/08/2023","13.30","13.30","13.30","13.30","0.01K","1.43%"
"18/08/2023","13.11","14.05","14.05","13.11","0.08K","-6.67%"
"17/08/2023","14.05","14.05","14.05","14.05","0.01K","2.04%"
"16/08/2023","13.77","13.86","13.86","13.77","0.21K","-2.00%"
"14/08/2023","14.05","14.52","14.52","14.05","0.37K","-2.60%"
"11/08/2023","14.42","14.42","14.42","14.42","0.00K","0.00%"
"10/08/2023","14.42","14.05","14.42","13.96","1.13K","2.67%"
"09/08/2023","14.05","14.33","14.33","14.05","0.48K","0.00%"
"08/08/2023","14.05","14.24","14.24","14.05","0.19K","0.00%"
"07/08/2023","14.05","14.14","14.24","14.05","0.33K","0.00%"
"04/08/2023","14.05","13.77","14.05","13.77","1.39K","1.35%"
"03/08/2023","13.86","13.86","13.86","13.11","1.11K","-0.67%"
"02/08/2023","13.96","14.99","14.99","13.77","1.46K","-7.45%"
"01/08/2023","15.08","13.30","15.08","13.30","2.77K","14.18%"
"31/07/2023","13.21","12.36","13.21","11.99","1.83K","5.22%"
"28/07/2023","12.55","12.93","12.93","12.27","0.62K","-2.19%"
"27/07/2023","12.83","12.93","13.11","12.27","2.36K","-0.72%"
"26/07/2023","12.93","13.39","13.39","12.93","0.13K","-3.50%"
"25/07/2023","13.39","14.61","14.61","13.02","5.88K","-4.67%"
"24/07/2023","14.05","14.71","14.71","14.05","0.23K","-4.46%"
"20/07/2023","14.71","14.52","14.71","13.96","0.73K","-0.63%"
"19/07/2023","14.80","14.24","14.80","14.24","0.08K","3.95%"
"18/07/2023","14.24","14.99","14.99","14.24","0.22K","-5.00%"
"17/07/2023","14.99","14.99","15.27","14.99","0.06K","0.00%"
"14/07/2023","14.99","15.08","15.08","13.68","1.22K","0.00%"
"13/07/2023","14.99","14.80","15.27","14.52","1.89K","0.00%"
"12/07/2023","14.99","15.36","15.36","14.99","0.20K","-2.44%"
"11/07/2023","15.36","15.55","15.64","14.99","1.20K","0.61%"
"10/07/2023","15.27","16.11","16.11","14.52","2.34K","-5.23%"
"07/07/2023","16.11","15.55","16.11","15.55","0.25K","1.18%"
"06/07/2023","15.92","15.64","15.92","14.99","0.72K","3.03%"
"05/07/2023","15.46","15.55","15.83","15.46","0.47K","0.00%"
"04/07/2023","15.46","15.74","16.11","15.46","1.46K","-6.25%"
"03/07/2023","16.49","16.58","16.58","16.49","0.06K","-3.83%"
"30/06/2023","17.14","15.64","17.14","15.64","0.85K","10.91%"
"29/06/2023","15.46","16.77","16.77","15.17","0.52K","-8.33%"
"28/06/2023","16.86","16.95","17.61","16.86","0.40K","-1.64%"
"27/06/2023","17.14","17.14","17.14","17.14","0.04K","1.67%"
"26/06/2023","16.86","17.70","17.70","16.86","0.44K","-4.76%"
"23/06/2023","17.70","17.42","17.89","16.95","0.45K","-3.08%"
"22/06/2023","18.27","17.52","18.55","17.52","0.28K","5.41%"
"21/06/2023","17.33","17.42","18.08","17.33","0.37K","1.65%"
"20/06/2023","17.05","17.98","17.98","17.05","0.14K","-0.55%"
"19/06/2023","17.14","17.23","17.23","17.14","0.04K","0.00%"
"16/06/2023","17.14","17.42","17.42","17.14","0.17K","-3.68%"
"15/06/2023","17.80","18.17","18.17","17.61","0.22K","-3.06%"
"14/06/2023","18.36","17.98","18.36","16.86","0.60K","-1.01%"
"13/06/2023","18.55","18.55","18.64","18.55","0.43K","0.00%"
"12/06/2023","18.55","15.92","19.11","15.92","1.88K","16.47%"
"09/06/2023","15.92","15.92","16.49","15.92","0.04K","0.00%"
"07/06/2023","15.92","14.99","16.49","14.99","0.51K","6.25%"
"06/06/2023","14.99","14.61","15.27","14.61","0.66K","-0.62%"
"05/06/2023","15.08","15.74","15.74","15.08","1.18K","-1.83%"
"02/06/2023","15.36","14.71","15.46","14.42","1.20K","2.50%"
"01/06/2023","14.99","15.55","15.55","14.71","0.47K","-3.61%"
"31/05/2023","15.55","16.77","16.77","15.17","4.82K","-7.78%"
"30/05/2023","16.86","17.33","17.52","16.77","0.75K","-9.55%"
"29/05/2023","18.64","18.17","19.48","16.67","1.66K","2.58%"
"26/05/2023","18.17","17.14","18.36","17.14","2.71K","11.49%"
"25/05/2023","16.30","14.24","17.14","14.14","11.56K","-17.14%"
"24/05/2023","19.67","20.98","20.98","18.73","2.99K","-8.70%"
"23/05/2023","21.54","22.67","22.67","20.61","4.31K","-6.50%"
"22/05/2023","23.04","23.23","23.23","22.67","0.22K","-3.15%"
"19/05/2023","23.79","21.73","23.79","21.73","1.24K","10.43%"
"18/05/2023","21.54","21.17","21.54","21.17","0.32K","1.77%"
"17/05/2023","21.17","22.48","22.48","20.42","3.60K","-6.61%"
"16/05/2023","22.67","22.11","23.42","22.11","2.73K","-7.63%"
"15/05/2023","24.54","24.92","24.92","24.54","0.08K","-1.50%"
"12/05/2023","24.92","26.41","26.41","24.92","0.53K","-5.67%"
"11/05/2023","26.41","26.79","26.79","26.23","0.25K","-2.08%"
"10/05/2023","26.98","25.29","28.29","25.29","1.57K","8.27%"
"09/05/2023","24.92","26.41","28.66","24.54","2.69K","-8.28%"
"08/05/2023","27.16","29.41","29.41","27.16","1.27K","-9.38%"
"05/05/2023","29.97","30.54","30.72","29.97","0.17K","0.00%"
"04/05/2023","29.97","30.35","30.54","29.97","0.64K","-0.62%"
"02/05/2023","30.16","29.22","31.85","29.22","3.97K","-5.29%"
"27/04/2023","31.85","31.85","32.03","31.85","0.90K","-0.58%"
"26/04/2023","32.03","31.85","32.03","31.85","0.02K","0.59%"
"25/04/2023","31.85","31.85","31.85","31.85","0.01K","0.00%"
"24/04/2023","31.85","31.85","31.85","31.85","0.01K","0.00%"
"21/04/2023","31.85","32.78","32.78","31.85","0.07K","-2.86%"
"20/04/2023","32.78","32.78","32.78","32.78","0.34K","-0.57%"
"19/04/2023","32.97","33.06","33.06","32.78","0.60K","-0.28%"
"18/04/2023","33.06","33.25","33.25","33.06","0.07K","-1.94%"
"17/04/2023","33.72","33.72","33.72","33.72","0.02K","0.84%"
"14/04/2023","33.44","32.97","33.44","32.88","0.37K","1.42%"
"13/04/2023","32.97","33.72","33.72","32.97","0.10K","-2.22%"
"12/04/2023","33.72","33.72","33.72","33.72","0.01K","0.00%"
"11/04/2023","33.72","32.97","33.72","32.97","0.10K","2.27%"
"06/04/2023","32.97","34.19","34.19","32.97","0.38K","-1.12%"
"05/04/2023","33.35","34.75","34.75","32.97","0.46K","-4.04%"
"04/04/2023","34.75","34.75","34.75","34.75","0.00K","0.00%"
"03/04/2023","34.75","32.97","35.03","32.97","0.42K","-0.80%"
"31/03/2023","35.03","34.84","35.03","34.38","0.14K","-0.53%"
"30/03/2023","35.22","36.16","36.16","34.94","0.43K","-3.09%"
"29/03/2023","36.34","37.19","37.19","36.16","0.25K","-3.00%"
"28/03/2023","37.47","37.47","37.47","37.47","0.00K","0.00%"
"27/03/2023","37.47","37.47","37.47","37.47","0.11K","0.00%"
"24/03/2023","37.47","37.47","37.47","37.47","0.01K","0.50%"
"23/03/2023","37.28","36.90","37.28","36.90","0.11K","2.84%"
"22/03/2023","36.25","37.47","37.47","36.16","0.30K","-3.25%"
"21/03/2023","37.47","37.47","37.47","37.47","0.01K","0.00%"
"20/03/2023","37.47","37.47","37.47","37.47","0.00K","0.00%"
"17/03/2023","37.47","37.47","37.47","37.47","0.11K","0.00%"
"16/03/2023","37.47","37.47","37.47","37.47","0.01K","0.00%"
"15/03/2023","37.47","38.31","38.31","36.90","1.08K","-2.44%"
"14/03/2023","38.40","38.87","38.87","38.12","0.22K","1.49%"
"13/03/2023","37.84","38.40","38.40","37.84","0.31K","-1.46%"
"10/03/2023","38.40","37.84","38.40","37.84","0.36K","1.49%"
"09/03/2023","37.84","37.84","37.84","37.84","0.55K","0.00%"
"08/03/2023","37.84","37.84","37.84","37.84","0.08K","0.00%"
"07/03/2023","37.84","37.47","38.22","37.47","0.90K","1.76%"
"03/03/2023","37.19","37.56","37.56","36.44","0.93K","-1.00%"
"02/03/2023","37.56","37.56","37.56","37.56","0.00K","0.00%"
"01/03/2023","37.56","37.65","38.03","37.37","0.62K","-0.25%"
"28/02/2023","37.65","37.65","37.65","37.65","0.42K","0.50%"
"27/02/2023","37.47","36.81","37.47","36.81","0.12K","2.04%"
"24/02/2023","36.72","37.28","37.28","36.72","0.01K","-1.51%"
"23/02/2023","37.28","37.47","37.47","37.28","0.22K","-2.21%"
"22/02/2023","38.12","38.12","38.12","38.12","0.01K","-1.21%"
"21/02/2023","38.59","38.59","38.59","38.59","0.00K","0.00%"
"20/02/2023","38.59","38.59","38.59","38.59","0.11K","0.00%"
"16/02/2023","38.59","38.59","38.59","38.59","0.10K","1.23%"
"15/02/2023","38.12","38.78","38.78","38.12","0.16K","-1.69%"
"14/02/2023","38.78","38.03","38.87","38.03","0.66K","1.97%"
"13/02/2023","38.03","38.22","38.22","38.03","0.00K","-1.93%"
"10/02/2023","38.78","37.84","40.28","37.84","1.81K","3.50%"
"09/02/2023","37.47","36.62","37.47","36.62","0.08K","2.30%"
"08/02/2023","36.62","38.40","38.40","36.53","0.62K","-5.10%"
"07/02/2023","38.59","40.28","41.21","38.59","0.52K","-4.63%"
"06/02/2023","40.46","41.40","43.65","39.53","1.49K","-2.26%"
"03/02/2023","41.40","40.84","41.40","40.84","0.10K","3.76%"
"02/02/2023","39.90","39.43","40.65","39.43","0.22K","1.43%"
"01/02/2023","39.34","39.34","39.34","39.34","0.36K","0.00%"
"31/01/2023","39.34","38.78","39.71","38.78","0.18K","2.44%"
"30/01/2023","38.40","38.40","38.40","38.40","0.06K","-3.30%"
"27/01/2023","39.71","39.25","39.71","39.25","0.11K","3.41%"
"26/01/2023","38.40","39.34","39.34","38.40","0.01K","-2.38%"
"25/01/2023","39.34","39.53","39.53","39.34","0.03K","0.00%"
"24/01/2023","39.34","39.34","39.34","39.34","0.00K","-0.47%"
"23/01/2023","39.53","39.34","39.53","39.34","0.10K","0.24%"
"20/01/2023","39.43","38.40","40.28","36.81","1.45K","-2.55%"
"19/01/2023","40.46","41.87","41.87","39.90","0.36K","-3.36%"
"18/01/2023","41.87","38.22","41.96","38.22","1.26K","12.31%"
"17/01/2023","37.28","39.15","39.15","37.28","0.41K","-5.24%"
"16/01/2023","39.34","39.81","41.59","39.34","0.24K","-1.18%"
"13/01/2023","39.81","39.71","43.09","39.71","0.56K","1.92%"
"12/01/2023","39.06","39.34","39.34","38.40","0.36K","2.46%"
"11/01/2023","38.12","34.66","40.93","34.66","0.60K","10.00%"
"10/01/2023","34.66","35.03","35.03","34.66","0.05K","-2.37%"
"09/01/2023","35.50","34.94","35.50","34.66","0.25K","1.34%"
"05/01/2023","35.03","34.38","35.03","34.38","0.37K","1.91%"
"04/01/2023","34.38","35.59","35.59","34.28","0.19K","-4.43%"
"03/01/2023","35.97","34.75","35.97","34.66","0.11K","3.78%"
"02/01/2023","34.66","34.66","35.41","34.66","0.97K","0.00%"
"30/12/2022","34.66","34.84","34.84","34.66","0.35K","-4.64%"
"29/12/2022","36.34","34.66","36.44","34.66","0.48K","4.86%"
"28/12/2022","34.66","34.66","34.66","34.66","2.36K","0.00%"
"27/12/2022","34.66","34.66","35.03","33.72","0.13K","-0.80%"
"23/12/2022","34.94","34.94","34.94","34.94","0.01K","0.81%"
"22/12/2022","34.66","34.66","34.66","34.66","0.14K","0.00%"
"21/12/2022","34.66","34.56","34.66","33.72","0.14K","2.78%"
"20/12/2022","33.72","34.84","34.84","32.78","0.49K","-4.76%"
"19/12/2022","35.41","36.53","36.53","35.41","0.01K","-3.08%"
"16/12/2022","36.53","36.53","36.53","36.53","0.01K","0.00%"
"15/12/2022","36.53","35.59","36.53","35.50","0.30K","2.63%"
"14/12/2022","35.59","35.03","35.59","35.03","0.04K","4.40%"
"13/12/2022","34.09","35.41","35.41","33.91","0.39K","-3.70%"
"12/12/2022","35.41","35.59","35.97","33.35","0.40K","-2.07%"
"09/12/2022","36.16","37.09","37.09","36.16","0.06K","-1.53%"
"08/12/2022","36.72","36.90","37.00","36.53","0.12K","-2.00%"
"07/12/2022","37.47","37.84","37.84","37.47","0.03K","-2.91%"
"06/12/2022","38.59","38.59","38.59","38.59","0.00K","0.00%"
"05/12/2022","38.59","35.41","38.59","35.41","0.36K","3.52%"
"02/12/2022","37.28","37.65","37.65","35.59","0.10K","-1.49%"
"01/12/2022","37.84","34.47","37.84","34.47","0.98K","12.22%"
"30/11/2022","33.72","35.87","37.94","32.32","2.47K","-12.20%"
"29/11/2022","38.40","39.34","39.81","38.40","0.41K","-3.53%"
"28/11/2022","39.81","39.62","39.81","39.53","0.17K","0.47%"
"25/11/2022","39.62","38.59","39.62","38.59","0.21K","3.17%"
"24/11/2022","38.40","38.03","38.59","37.65","0.32K","2.50%"
"23/11/2022","37.47","38.03","38.87","37.47","0.27K","-4.31%"
"22/11/2022","39.15","39.15","39.15","39.15","0.01K","-0.48%"
"21/11/2022","39.34","39.34","39.34","39.34","0.00K","0.72%"
"18/11/2022","39.06","39.06","39.06","39.06","0.01K","1.71%"
"17/11/2022","38.40","39.71","39.71","38.40","0.32K","-2.38%"
"16/11/2022","39.34","38.40","39.34","38.22","0.29K","3.45%"
"15/11/2022","38.03","37.94","38.03","37.56","0.16K","0.25%"
"14/11/2022","37.94","38.78","38.78","37.94","0.21K","-1.22%"
"10/11/2022","38.40","41.21","42.62","36.25","1.94K","-6.82%"
"09/11/2022","41.21","37.47","41.21","37.37","0.20K","11.11%"
"08/11/2022","37.09","37.09","37.28","37.09","0.25K","0.25%"
"07/11/2022","37.00","36.62","37.47","36.62","0.22K","4.77%"
"04/11/2022","35.31","35.59","35.69","35.31","0.55K","-1.82%"
"03/11/2022","35.97","36.53","37.47","35.97","0.23K","-1.54%"
"02/11/2022","36.53","36.53","36.53","36.53","0.02K","0.00%"
"31/10/2022","36.53","36.53","36.53","36.53","0.01K","0.00%"
"28/10/2022","36.53","36.53","36.53","36.53","0.01K","0.00%"
"27/10/2022","36.53","36.44","36.53","36.34","0.13K","0.26%"
"26/10/2022","36.44","36.44","36.44","35.69","0.07K","0.00%"
"25/10/2022","36.44","36.44","36.44","36.44","0.00K","-2.51%"
"24/10/2022","37.37","37.37","37.37","37.37","0.01K","0.00%"
"21/10/2022","37.37","35.78","37.37","35.41","0.13K","4.45%"
"20/10/2022","35.78","35.78","35.78","35.78","0.01K","0.00%"
"19/10/2022","35.78","35.78","35.78","35.78","0.02K","0.00%"
"18/10/2022","35.78","35.78","35.78","35.59","0.05K","0.00%"
"17/10/2022","35.78","35.78","35.78","35.78","0.03K","0.00%"
"14/10/2022","35.78","37.75","40.09","35.78","0.54K","-5.21%"
"12/10/2022","37.75","35.22","37.75","35.22","0.16K","10.41%"
"11/10/2022","34.19","34.19","34.19","34.19","0.01K","-1.35%"
"10/10/2022","34.66","34.66","34.66","34.66","0.01K","0.00%"
"07/10/2022","34.66","37.37","37.37","29.97","0.51K","-7.50%"
"06/10/2022","37.47","37.47","37.47","37.47","0.01K","1.52%"
"05/10/2022","36.90","35.59","36.90","35.59","0.01K","3.14%"
"04/10/2022","35.78","35.78","35.78","35.78","0.02K","-1.80%"
"30/09/2022","36.44","36.44","36.44","36.44","0.03K","2.37%"
"29/09/2022","35.59","36.90","36.90","33.72","0.37K","-5.00%"
"28/09/2022","37.47","39.90","39.90","37.47","0.17K","-9.09%"
"27/09/2022","41.21","41.21","41.21","41.21","0.00K","2.80%"
"26/09/2022","40.09","40.09","40.09","40.09","0.01K","0.00%"
"23/09/2022","40.09","40.09","40.09","39.81","0.20K","0.47%"
"22/09/2022","39.90","39.90","39.90","39.90","0.00K","-0.47%"
"21/09/2022","40.09","40.09","40.09","40.09","0.00K","0.00%"
"20/09/2022","40.09","41.21","41.21","40.09","0.01K","-3.82%"
"19/09/2022","41.68","41.68","41.68","41.68","0.10K","0.00%"
"16/09/2022","41.68","39.53","41.68","38.87","0.48K","4.71%"
"15/09/2022","39.81","38.97","39.81","38.97","0.09K","0.71%"
"14/09/2022","39.53","39.06","39.53","39.06","0.17K","3.18%"
"12/09/2022","38.31","38.31","38.31","38.31","0.11K","-2.62%"
"09/09/2022","39.34","39.34","39.34","39.34","0.03K","-4.55%"
"08/09/2022","41.21","38.40","41.21","38.40","0.11K","4.76%"
"07/09/2022","39.34","36.62","39.34","35.59","0.70K","5.00%"
"06/09/2022","37.47","37.19","37.47","36.25","0.51K","1.01%"
"02/09/2022","37.09","37.09","37.09","35.59","0.46K","0.00%"
"01/09/2022","37.09","37.09","37.09","37.09","0.05K","0.00%"
"31/08/2022","37.09","38.31","38.31","37.00","0.23K","-7.91%"
"30/08/2022","40.28","40.28","40.28","37.47","1.18K","-1.15%"
"29/08/2022","40.75","40.75","40.75","40.75","0.00K","0.00%"
"26/08/2022","40.75","40.75","40.75","40.75","0.00K","0.69%"
"25/08/2022","40.46","43.18","43.18","38.40","1.76K","-6.29%"
"24/08/2022","43.18","43.18","43.27","43.18","0.01K","0.22%"
"22/08/2022","43.09","43.84","43.84","43.09","0.16K","-5.35%"
"19/08/2022","45.52","44.21","45.52","44.21","0.13K","4.52%"
"18/08/2022","43.56","44.87","44.87","43.56","0.05K","-3.93%"
"17/08/2022","45.33","44.21","45.33","44.21","0.13K","4.09%"
"16/08/2022","43.56","45.33","45.33","42.15","0.46K","-3.93%"
"08/08/2022","45.33","47.21","47.21","45.33","0.05K","-3.59%"
"05/08/2022","47.02","45.71","47.02","45.71","0.15K","0.80%"
"03/08/2022","46.65","46.65","46.65","46.65","0.03K","0.00%"
"02/08/2022","46.65","46.65","46.65","46.65","0.02K","-1.19%"
"01/08/2022","47.21","47.21","47.21","47.21","0.01K","0.00%"
"29/07/2022","47.21","47.21","47.21","47.21","0.00K","0.00%"
"28/07/2022","47.21","47.21","47.21","47.21","0.00K","0.00%"
"27/07/2022","47.21","47.21","47.21","47.21","0.00K","0.00%"
"26/07/2022","47.21","47.21","47.21","47.21","0.00K","0.00%"
"25/07/2022","47.21","47.21","47.21","47.21","0.00K","-1.18%"
"22/07/2022","47.77","47.77","47.77","47.77","0.00K","0.00%"
"21/07/2022","47.77","46.83","47.77","46.83","0.12K","8.51%"
"19/07/2022","44.02","47.58","47.58","42.15","0.53K","-7.84%"
"14/07/2022","47.77","47.77","47.77","47.77","0.00K","0.00%"
"13/07/2022","47.77","47.40","47.77","47.40","0.07K","0.39%"
"12/07/2022","47.58","46.46","47.58","44.49","0.18K","2.42%"
"11/07/2022","46.46","46.46","46.46","46.46","0.00K","0.00%"
"08/07/2022","46.46","46.46","46.46","46.46","0.03K","4.86%"
"07/07/2022","44.30","47.40","47.40","44.30","0.08K","-6.89%"
"06/07/2022","47.58","47.58","47.58","47.58","0.00K","0.00%"
"05/07/2022","47.58","50.58","50.58","47.58","0.28K","-5.93%"
"04/07/2022","50.58","52.83","52.83","50.58","0.06K","-4.26%"
"01/07/2022","52.83","55.83","55.83","52.83","0.05K","-5.69%"
"30/06/2022","56.01","53.39","56.01","53.39","0.18K","0.00%"
"29/06/2022","56.01","53.39","56.01","53.39","0.08K","8.73%"
"28/06/2022","51.52","54.33","54.33","51.52","0.13K","10.00%"
"27/06/2022","46.83","46.83","46.83","46.83","0.00K","0.00%"
"24/06/2022","46.83","46.83","46.83","46.83","0.00K","0.00%"
"23/06/2022","46.83","50.58","50.58","46.83","0.11K","-9.09%"
"22/06/2022","51.52","50.58","51.52","50.58","0.02K","1.85%"
"21/06/2022","50.58","50.58","50.58","50.58","0.00K","0.00%"
"17/06/2022","50.58","51.52","51.52","50.58","0.12K","-6.90%"
"15/06/2022","54.33","54.33","54.33","54.33","0.00K","0.00%"
"14/06/2022","54.33","54.33","54.33","54.33","0.00K","0.00%"
"13/06/2022","54.33","51.89","54.33","50.58","0.37K","4.69%"
"10/06/2022","51.89","54.33","54.33","51.89","0.28K","-4.81%"
"09/06/2022","54.51","55.08","55.08","54.51","0.03K","-1.02%"
"08/06/2022","55.08","55.08","55.08","55.08","0.00K","0.00%"
"07/06/2022","55.08","55.64","55.64","55.08","0.05K","-1.67%"
"06/06/2022","56.01","56.01","56.01","56.01","0.01K","-0.66%"
"03/06/2022","56.39","57.14","57.14","56.39","0.01K","-1.31%"
"02/06/2022","57.14","57.14","57.14","57.14","0.03K","-1.61%"
"01/06/2022","58.07","58.07","58.07","58.07","0.00K","1.97%"
"27/05/2022","56.95","56.95","56.95","56.95","0.04K","-0.33%"
"26/05/2022","57.14","56.95","57.14","56.95","0.01K","0.33%"
"25/05/2022","56.95","58.26","58.26","56.95","0.09K","-2.56%"
"24/05/2022","58.45","58.45","58.45","58.45","0.16K","0.00%"
"23/05/2022","58.45","56.95","58.45","56.95","0.07K","0.65%"
"20/05/2022","58.07","58.82","58.82","58.07","0.31K","-1.59%"
"19/05/2022","59.01","59.01","59.01","59.01","0.01K","-0.63%"
"18/05/2022","59.38","59.38","59.38","59.38","0.00K","-1.25%"
"17/05/2022","60.13","59.95","60.13","59.95","0.06K","0.94%"
"16/05/2022","59.57","59.57","59.57","59.57","0.01K","1.27%"
"12/05/2022","58.82","60.88","60.88","58.82","0.06K","-4.56%"
"11/05/2022","61.63","61.63","61.63","61.63","0.00K","0.30%"
"10/05/2022","61.45","61.45","61.45","61.45","0.00K","0.00%"
"09/05/2022","61.45","58.07","65.57","58.07","0.60K","5.81%"
"06/05/2022","58.07","59.01","59.01","58.07","0.90K","-7.46%"
"05/05/2022","62.76","55.26","62.76","55.26","1.21K","10.20%"
"04/05/2022","56.95","58.45","58.45","56.95","2.40K","-3.49%"
"02/05/2022","59.01","60.88","60.88","59.01","0.65K","0.00%"
"29/04/2022","59.01","61.82","61.82","59.01","1.93K","-4.55%"
"28/04/2022","61.82","63.69","63.69","61.82","0.09K","-4.35%"
"27/04/2022","64.63","65.57","65.57","64.63","0.01K","-1.43%"
"26/04/2022","65.57","65.57","65.57","65.38","0.02K","-6.33%"
"22/04/2022","70.00","71.00","71.00","70.00","0.03K","-1.41%"
"21/04/2022","71.00","71.00","71.00","71.00","0.00K","0.57%"
"14/04/2022","70.60","70.80","70.80","70.60","0.05K","0.14%"
"11/04/2022","70.50","72.98","76.00","70.40","1.05K","-3.41%"
"08/04/2022","72.99","71.50","72.99","70.20","0.28K","4.27%"
"07/04/2022","70.00","69.00","72.00","69.00","0.20K","1.45%"
"06/04/2022","69.00","70.00","71.40","69.00","0.23K","-1.43%"
"05/04/2022","70.00","73.00","73.00","70.00","0.05K","-4.11%"
"04/04/2022","73.00","66.50","73.00","65.00","2.57K","10.61%"
"01/04/2022","66.00","71.30","71.30","66.00","0.67K","-7.43%"
"31/03/2022","71.30","65.00","72.00","65.00","0.91K","9.69%"
"30/03/2022","65.00","63.20","65.00","63.20","0.11K","4.84%"
"29/03/2022","62.00","61.00","62.00","61.00","0.06K","-1.90%"
"28/03/2022","63.20","57.50","63.20","57.50","0.09K","10.68%"
"25/03/2022","57.10","57.10","57.10","57.10","0.01K","0.88%"
"24/03/2022","56.60","57.00","57.00","56.60","0.01K","-4.07%"
"23/03/2022","59.00","56.00","59.00","56.00","0.00K","5.36%"
"22/03/2022","56.00","59.90","59.90","56.00","0.05K","-4.60%"
"21/03/2022","58.70","60.00","60.00","58.70","0.17K","-2.98%"
"18/03/2022","60.50","59.70","60.50","59.70","0.04K","2.54%"
"17/03/2022","59.00","59.00","59.00","59.00","0.01K","0.00%"
"16/03/2022","59.00","59.80","59.80","59.00","0.06K","-1.34%"
"15/03/2022","59.80","60.00","60.60","59.80","0.10K","1.15%"
"14/03/2022","59.12","59.12","59.12","59.12","0.01K","-1.47%"
"11/03/2022","60.00","60.00","60.00","60.00","0.44K","0.00%"
"10/03/2022","60.00","60.00","60.00","60.00","0.00K","0.08%"
"09/03/2022","59.95","60.00","60.00","59.50","0.06K","1.01%"
"08/03/2022","59.35","59.35","59.35","59.35","0.01K","-1.08%"
"07/03/2022","60.00","59.00","60.00","59.00","0.04K","0.00%"
"04/03/2022","60.00","60.00","60.00","60.00","0.01K","0.00%"
"03/03/2022","60.00","62.00","62.00","60.00","0.08K","3.43%"
"02/03/2022","58.01","63.00","63.00","58.00","0.11K","-7.92%"
"01/03/2022","63.00","65.00","65.00","63.00","0.07K","-5.97%"
"28/02/2022","67.00","67.00","67.00","67.00","0.35K","0.00%"
"25/02/2022","67.00","63.00","67.00","63.00","0.53K","1.52%"
"24/02/2022","66.00","55.00","67.00","55.00","0.31K","-1.49%"
"23/02/2022","67.00","66.00","67.00","65.00","1.96K","1.67%"
"22/02/2022","65.90","63.10","66.90","63.00","0.38K","-1.49%"
"21/02/2022","66.90","64.50","66.90","64.00","0.21K","-0.15%"
"18/02/2022","67.00","64.50","67.00","64.50","0.07K","0.00%"
"17/02/2022","67.00","66.90","67.00","66.90","0.41K","0.00%"
"16/02/2022","67.00","67.00","67.00","65.00","0.24K","0.00%"
"15/02/2022","67.00","66.00","67.00","66.00","0.36K","-0.74%"
"14/02/2022","67.50","67.00","67.50","64.00","0.25K","-0.74%"
"11/02/2022","68.00","67.99","68.00","64.10","0.15K","0.00%"
"10/02/2022","68.00","67.80","68.00","64.00","0.26K","0.00%"
"09/02/2022","68.00","68.00","68.00","64.00","0.21K","0.00%"
"08/02/2022","68.00","68.00","68.00","65.00","0.21K","0.00%"
"07/02/2022","68.00","68.00","68.00","65.00","0.42K","0.00%"
"03/02/2022","68.00","65.00","68.00","65.00","0.21K","-1.31%"
"02/02/2022","68.90","68.90","68.90","62.01","0.66K","0.00%"
"01/02/2022","68.90","68.98","68.98","63.60","0.61K","-0.14%"
"31/01/2022","69.00","68.99","69.00","66.01","1.27K","0.00%"
"28/01/2022","69.00","68.60","69.00","65.00","1.05K","0.00%"
"27/01/2022","69.00","69.80","69.80","61.00","6.79K","-1.15%"
"26/01/2022","69.80","67.00","69.80","66.95","36.35K","4.18%"
"25/01/2022","67.00","63.90","67.00","63.47","7.96K","4.85%"
"24/01/2022","63.90","65.00","65.00","61.00","1.21K","-0.16%"
"21/01/2022","64.00","64.00","64.00","62.20","1.33K","-1.54%"
"20/01/2022","65.00","64.00","65.00","63.00","3.69K","1.56%"
"19/01/2022","64.00","63.00","64.00","61.00","1.82K","3.23%"
"18/01/2022","62.00","60.00","62.00","60.00","0.66K","2.99%"
"17/01/2022","60.20","55.05","61.00","55.00","27.39K","9.45%"
"12/01/2022","55.00","55.00","56.40","55.00","0.24K","0.00%"
"11/01/2022","55.00","54.02","56.44","54.02","0.29K","1.81%"
"10/01/2022","54.02","57.00","60.99","54.00","1.02K","-5.23%"
"07/01/2022","57.00","56.90","57.00","56.90","0.23K","0.00%"
"05/01/2022","57.00","59.29","59.29","55.10","0.18K","-1.54%"
"04/01/2022","57.89","61.10","62.19","55.10","0.99K","-3.53%"
"03/01/2022","60.01","62.30","62.30","60.01","0.29K","-3.68%"
"30/12/2021","62.30","68.00","68.00","62.20","0.95K","-10.87%"
"29/12/2021","69.90","64.40","70.00","64.00","4.86K","7.54%"
"28/12/2021","65.00","59.99","67.00","59.99","2.21K","8.33%"
"27/12/2021","60.00","54.50","63.00","54.50","2.98K","9.29%"
"23/12/2021","54.90","53.60","54.90","53.60","0.24K","2.81%"
"22/12/2021","53.40","51.50","53.40","51.50","0.32K","3.69%"
"21/12/2021","51.50","53.00","53.00","51.50","0.07K","-3.74%"
"20/12/2021","53.50","52.00","53.50","51.10","0.17K","1.90%"
"17/12/2021","52.50","53.00","53.00","52.50","0.10K","0.00%"
"16/12/2021","52.50","51.00","53.50","50.00","0.35K","-0.94%"
"15/12/2021","53.00","54.90","54.90","49.00","0.33K","-3.46%"
"14/12/2021","54.90","54.79","54.90","54.79","0.03K","0.20%"
"13/12/2021","54.79","54.90","54.90","54.00","0.10K","-0.20%"
"10/12/2021","54.90","53.97","54.90","53.95","0.32K","1.72%"
"09/12/2021","53.97","53.99","53.99","53.97","0.04K","-0.06%"
"08/12/2021","54.00","53.50","54.00","53.50","0.06K","1.89%"
"07/12/2021","53.00","50.50","54.88","50.48","0.74K","4.95%"
"06/12/2021","50.50","50.50","50.50","50.50","0.01K","1.02%"
"03/12/2021","49.99","50.60","50.60","49.50","0.12K","-1.38%"
"02/12/2021","50.69","50.80","50.80","48.00","0.04K","-0.59%"
"01/12/2021","50.99","50.00","51.50","47.00","3.12K","-0.99%"
"30/11/2021","51.50","49.80","51.50","49.75","0.19K","3.21%"
"29/11/2021","49.90","51.00","51.00","49.90","0.03K","-0.20%"
"26/11/2021","50.00","50.40","52.50","49.00","0.08K","-0.60%"
"25/11/2021","50.30","48.95","50.30","47.80","0.17K","3.18%"
"24/11/2021","48.75","48.80","48.80","48.00","0.13K","0.52%"
"23/11/2021","48.50","49.00","49.00","48.00","0.14K","-0.82%"
"22/11/2021","48.90","46.60","48.90","46.60","0.11K","6.30%"
"19/11/2021","46.00","48.20","48.50","45.50","1.40K","-5.93%"
"18/11/2021","48.90","50.00","50.00","48.80","1.45K","-3.74%"
"17/11/2021","50.80","51.80","51.80","50.00","1.16K","-2.27%"
"16/11/2021","51.98","52.90","52.90","51.98","0.51K","-1.74%"
"15/11/2021","52.90","52.30","53.98","44.00","0.39K","-2.38%"
"12/11/2021","54.19","54.44","54.44","52.75","0.15K","-1.38%"
"10/11/2021","54.95","53.00","55.00","52.80","1.12K","4.07%"
"09/11/2021","52.80","53.75","53.75","52.80","0.35K","-1.77%"
"08/11/2021","53.75","53.78","53.78","53.75","0.04K","1.42%"
"05/11/2021","53.00","52.15","53.00","52.10","0.40K","-1.29%"
"04/11/2021","53.69","53.96","53.96","53.00","0.24K","-1.67%"
"03/11/2021","54.60","54.00","54.60","54.00","0.05K","1.11%"
"02/11/2021","54.00","54.95","55.00","54.00","0.32K","-0.18%"
"29/10/2021","54.10","54.40","55.90","54.10","0.25K","-2.17%"
"28/10/2021","55.30","56.02","56.02","55.30","0.04K","-2.79%"
"27/10/2021","56.89","57.00","57.00","56.89","0.01K","-0.89%"
"26/10/2021","57.40","57.40","57.40","57.40","0.01K","-0.17%"
"25/10/2021","57.50","54.10","57.50","54.10","0.11K","1.59%"
"22/10/2021","56.60","55.20","56.60","55.20","0.23K","2.46%"
"21/10/2021","55.24","55.29","55.29","55.24","0.00K","-0.04%"
"20/10/2021","55.26","55.29","55.29","55.26","0.04K","-0.05%"
"19/10/2021","55.29","52.70","55.29","52.70","0.13K","5.11%"
"18/10/2021","52.60","52.10","52.60","52.10","0.04K","1.15%"
"15/10/2021","52.00","53.00","53.00","52.00","0.16K","-2.80%"
"14/10/2021","53.50","52.68","53.50","52.68","0.11K","2.88%"
"13/10/2021","52.00","51.50","52.00","51.50","0.30K","0.97%"
"12/10/2021","51.50","52.05","52.05","51.50","0.19K","-0.96%"
"11/10/2021","52.00","53.50","53.50","52.00","0.46K","-2.44%"
"08/10/2021","53.30","53.50","53.50","53.30","0.72K","0.00%"
"07/10/2021","53.30","53.00","53.56","51.90","0.12K","0.57%"
"06/10/2021","53.00","53.00","53.48","53.00","0.14K","-0.19%"
"05/10/2021","53.10","53.89","53.89","53.10","0.35K","-1.65%"
"04/10/2021","53.99","54.00","54.00","53.00","0.12K","-1.84%"
"01/10/2021","55.00","56.80","56.80","52.01","0.93K","-4.35%"
"30/09/2021","57.50","58.00","58.00","57.50","0.06K","-0.86%"
"29/09/2021","58.00","58.00","58.00","58.00","0.15K","-0.85%"
"28/09/2021","58.50","59.84","59.84","58.20","0.16K","-1.68%"
"27/09/2021","59.50","56.69","61.00","56.65","0.53K","4.94%"
"24/09/2021","56.70","55.81","56.70","55.10","0.28K","3.09%"
"23/09/2021","55.00","56.00","56.00","55.00","0.43K","-1.79%"
"22/09/2021","56.00","57.60","57.60","55.60","0.40K","-2.78%"
"21/09/2021","57.60","57.90","58.00","57.00","0.31K","-0.69%"
"20/09/2021","58.00","58.99","58.99","56.00","0.90K","-1.69%"
"17/09/2021","59.00","62.41","62.70","55.60","0.93K","-5.46%"
"16/09/2021","62.41","61.50","64.00","57.60","1.73K","5.07%"
"15/09/2021","59.40","57.20","59.45","57.20","0.83K","3.66%"
"14/09/2021","57.30","59.80","59.80","57.30","0.17K","-4.18%"
"13/09/2021","59.80","57.30","59.80","57.30","0.17K","3.10%"
"10/09/2021","58.00","57.00","58.00","55.12","0.29K","1.58%"
"09/09/2021","57.10","60.00","62.00","57.10","0.42K","-4.03%"
"08/09/2021","59.50","62.50","62.50","59.50","0.01K","-4.03%"
"07/09/2021","62.00","60.00","62.00","55.10","0.50K","3.33%"
"06/09/2021","60.00","63.00","63.00","58.10","0.49K","-4.76%"
"03/09/2021","63.00","63.00","63.00","63.00","0.01K","0.00%"
"02/09/2021","63.00","61.10","63.00","61.10","0.63K","3.11%"
"01/09/2021","61.10","60.10","62.00","60.10","0.45K","0.33%"
"31/08/2021","60.90","60.98","61.00","60.90","0.41K","-0.13%"
"30/08/2021","60.98","61.00","61.00","60.90","0.29K","0.13%"
"27/08/2021","60.90","61.00","61.00","60.89","0.27K","-0.13%"
"26/08/2021","60.98","61.00","61.00","60.98","0.21K","-0.03%"
"25/08/2021","61.00","60.80","61.00","60.80","0.51K","3.39%"
"24/08/2021","59.00","61.00","61.00","57.00","0.90K","-3.28%"
"23/08/2021","61.00","58.10","61.00","57.00","0.54K","3.39%"
"20/08/2021","59.00","58.90","59.00","58.90","0.11K","1.72%"
"19/08/2021","58.00","56.60","59.10","56.60","0.49K","-0.85%"
"18/08/2021","58.50","58.00","58.50","58.00","0.14K","0.00%"
"17/08/2021","58.50","59.40","59.40","57.90","0.51K","0.86%"
"16/08/2021","58.00","57.20","59.50","57.00","0.69K","-2.52%"
"13/08/2021","59.50","60.00","61.30","57.40","1.15K","-1.65%"
"12/08/2021","60.50","66.00","66.00","60.00","1.79K","-7.63%"
"11/08/2021","65.50","63.00","66.99","63.00","1.53K","3.97%"
"10/08/2021","63.00","63.99","63.99","63.00","0.38K","-1.56%"
"09/08/2021","64.00","64.00","64.29","62.00","0.95K","-0.47%"
"06/08/2021","64.30","61.30","64.50","60.00","0.56K","5.07%"
"05/08/2021","61.20","60.20","61.30","59.50","0.56K","1.66%"
"04/08/2021","60.20","58.00","60.30","56.60","1.54K","4.06%"
"03/08/2021","57.85","56.40","57.85","56.40","0.69K","2.39%"
"02/08/2021","56.50","55.50","56.50","53.00","0.19K","-2.33%"
"30/07/2021","57.85","57.80","57.85","56.30","0.06K","0.96%"
"29/07/2021","57.30","57.00","58.00","57.00","0.12K","-0.14%"
"28/07/2021","57.38","57.99","58.00","55.00","0.52K","-0.55%"
"27/07/2021","57.70","58.50","58.50","57.00","0.45K","-2.04%"
"26/07/2021","58.90","59.99","60.00","57.00","1.11K","-2.63%"
"23/07/2021","60.49","62.80","62.80","56.01","0.48K","-3.68%"
"22/07/2021","62.80","62.80","62.80","62.80","0.17K","0.00%"
"21/07/2021","62.80","62.89","63.00","62.80","0.42K","0.16%"
"20/07/2021","62.70","62.84","62.84","62.70","0.23K","-0.32%"
"19/07/2021","62.90","64.79","64.79","61.60","0.25K","0.00%"
"16/07/2021","62.90","63.00","63.00","62.90","0.37K","-0.16%"
"15/07/2021","63.00","62.00","63.00","62.00","0.23K","1.61%"
"14/07/2021","62.00","62.90","62.90","60.80","0.60K","-0.80%"
"13/07/2021","62.50","60.25","63.00","60.25","0.54K","0.00%"
"12/07/2021","62.50","62.89","62.89","60.11","0.02K","-0.64%"
"09/07/2021","62.90","63.50","63.50","60.50","0.12K","-0.94%"
"08/07/2021","63.50","63.50","63.90","61.00","0.21K","0.73%"
"07/07/2021","63.04","65.50","65.50","63.00","0.49K","-2.11%"
"06/07/2021","64.40","63.50","64.40","63.50","0.10K","0.63%"
"05/07/2021","64.00","63.50","64.50","62.00","0.05K","0.79%"
"02/07/2021","63.50","63.16","64.80","63.00","0.36K","-1.55%"
"01/07/2021","64.50","62.75","65.90","62.75","1.50K","2.38%"
"30/06/2021","63.00","63.00","63.00","63.00","0.00K","0.00%"
"29/06/2021","63.00","62.90","63.00","62.90","0.46K","0.16%"
"28/06/2021","62.90","63.20","63.20","62.90","0.04K","0.77%"
"25/06/2021","62.42","62.15","62.50","60.42","0.58K","0.43%"
"24/06/2021","62.15","62.40","62.40","60.50","0.05K","-0.40%"
"23/06/2021","62.40","63.30","63.30","60.40","0.02K","-1.58%"
"22/06/2021","63.40","60.00","63.40","60.00","0.14K","5.67%"
"21/06/2021","60.00","59.05","60.00","59.05","0.07K","-2.44%"
"18/06/2021","61.50","61.00","62.00","59.05","0.11K","1.65%"
"17/06/2021","60.50","60.00","60.50","60.00","0.18K","0.83%"
"16/06/2021","60.00","63.00","63.00","60.00","0.35K","-4.76%"
"15/06/2021","63.00","64.35","64.40","62.00","0.47K","-1.53%"
"14/06/2021","63.98","63.20","64.75","63.00","0.50K","1.23%"
"11/06/2021","63.20","64.78","64.78","63.02","0.26K","0.32%"
"10/06/2021","63.00","65.60","65.60","63.00","0.22K","-1.41%"
"09/06/2021","63.90","65.10","66.40","63.30","0.56K","-3.55%"
"08/06/2021","66.25","68.00","68.00","66.25","0.08K","-3.64%"
"07/06/2021","68.75","68.99","68.99","65.65","0.55K","-1.79%"
"04/06/2021","70.00","64.70","70.00","64.70","1.40K","7.69%"
"02/06/2021","65.00","66.40","66.40","65.00","0.07K","-2.26%"
"01/06/2021","66.50","65.48","68.00","65.47","0.50K","1.56%"
"31/05/2021","65.48","65.00","65.51","63.50","0.48K","-0.03%"
"28/05/2021","65.50","66.18","66.18","60.20","0.46K","-1.06%"
"27/05/2021","66.20","67.90","67.90","66.20","0.11K","-2.65%"
"26/05/2021","68.00","68.10","68.10","66.20","0.15K","-1.95%"
"25/05/2021","69.35","69.75","69.75","68.00","0.40K","-1.28%"
"24/05/2021","70.25","69.17","70.50","69.00","0.89K","1.55%"
"21/05/2021","69.18","69.88","69.88","67.10","0.04K","-1.00%"
"20/05/2021","69.88","69.88","69.88","69.88","0.05K","0.00%"
"19/05/2021","69.88","69.50","69.88","68.00","0.34K","0.55%"
"18/05/2021","69.50","70.90","71.00","69.00","0.81K","-1.42%"
"17/05/2021","70.50","74.00","74.30","69.70","0.67K","-1.81%"
"14/05/2021","71.80","74.15","74.15","69.80","0.99K","-0.28%"
"13/05/2021","72.00","66.80","75.00","66.00","4.12K","9.09%"
"12/05/2021","66.00","66.80","68.00","64.52","1.92K","1.54%"
"11/05/2021","65.00","67.00","69.00","62.50","3.05K","0.93%"
"10/05/2021","64.40","63.00","64.50","62.00","1.40K","5.57%"
"07/05/2021","61.00","61.00","61.00","60.50","0.79K","-2.40%"
"06/05/2021","62.50","65.38","66.00","62.50","0.99K","-4.41%"
"05/05/2021","65.38","65.52","65.52","63.60","0.12K","-1.68%"
"04/05/2021","66.50","64.00","67.00","64.00","1.41K","4.72%"
"30/04/2021","63.50","63.99","63.99","62.50","0.65K","-0.75%"
"29/04/2021","63.98","65.48","65.48","62.50","1.28K","-2.29%"
"28/04/2021","65.48","66.38","66.38","63.25","1.65K","3.28%"
"27/04/2021","63.40","60.00","70.00","60.00","4.35K","7.28%"
"26/04/2021","59.10","52.99","59.20","52.99","5.36K","11.53%"
"23/04/2021","52.99","52.88","56.38","51.20","5.51K","4.33%"
"22/04/2021","50.79","49.63","50.79","49.00","4.64K","2.28%"
"21/04/2021","49.66","50.00","50.49","48.50","5.46K","-0.68%"